Código Município;pr_mean2014/11/01;pr_sd2014/11/01;pr_max2014/11/01;pr_min2014/11/01;pr_sum2014/11/01;pr_mean2014/12/01;pr_sd2014/12/01;pr_max2014/12/01;pr_min2014/12/01;pr_sum2014/12/01;pr_mean2015/01/01;pr_sd2015/01/01;pr_max2015/01/01;pr_min2015/01/01;pr_sum2015/01/01;pr_mean2015/11/01;pr_sd2015/11/01;pr_max2015/11/01;pr_min2015/11/01;pr_sum2015/11/01;pr_mean2015/12/01;pr_sd2015/12/01;pr_max2015/12/01;pr_min2015/12/01;pr_sum2015/12/01;pr_mean2016/01/01;pr_sd2016/01/01;pr_max2016/01/01;pr_min2016/01/01;pr_sum2016/01/01;pr_mean2016/11/01;pr_sd2016/11/01;pr_max2016/11/01;pr_min2016/11/01;pr_sum2016/11/01;pr_mean2016/12/01;pr_sd2016/12/01;pr_max2016/12/01;pr_min2016/12/01;pr_sum2016/12/01;pr_mean2017/01/01;pr_sd2017/01/01;pr_max2017/01/01;pr_min2017/01/01;pr_sum2017/01/01;pr_mean2017/11/01;pr_sd2017/11/01;pr_max2017/11/01;pr_min2017/11/01;pr_sum2017/11/01;pr_mean2017/12/01;pr_sd2017/12/01;pr_max2017/12/01;pr_min2017/12/01;pr_sum2017/12/01;pr_mean2018/01/01;pr_sd2018/01/01;pr_max2018/01/01;pr_min2018/01/01;pr_sum2018/01/01;pr_mean2018/11/01;pr_sd2018/11/01;pr_max2018/11/01;pr_min2018/11/01;pr_sum2018/11/01;pr_mean2018/12/01;pr_sd2018/12/01;pr_max2018/12/01;pr_min2018/12/01;pr_sum2018/12/01;pr_mean2019/01/01;pr_sd2019/01/01;pr_max2019/01/01;pr_min2019/01/01;pr_sum2019/01/01;pr_mean2019/11/01;pr_sd2019/11/01;pr_max2019/11/01;pr_min2019/11/01;pr_sum2019/11/01;pr_mean2019/12/01;pr_sd2019/12/01;pr_max2019/12/01;pr_min2019/12/01;pr_sum2019/12/01;pr_mean2020/01/01;pr_sd2020/01/01;pr_max2020/01/01;pr_min2020/01/01;pr_sum2020/01/01;pr_mean2020/11/01;pr_sd2020/11/01;pr_max2020/11/01;pr_min2020/11/01;pr_sum2020/11/01;pr_mean2020/12/01;pr_sd2020/12/01;pr_max2020/12/01;pr_min2020/12/01;pr_sum2020/12/01;pr_mean2021/01/01;pr_sd2021/01/01;pr_max2021/01/01;pr_min2021/01/01;pr_sum2021/01/01;
2919553.0;201.99667;124.08006;446.46973;48.797607;9939.709;165.3977;71.49168;313.76697;66.29367;8103.004;68.72622;39.281322;157.79211;18.080261;3313.1877;135.83727;54.750553;255.28583;55.34526;6581.299;70.97474;40.392532;160.45752;23.13948;3439.3796;435.87323;175.84251;816.57275;170.70673;21616.977;175.61484;78.12233;325.41016;67.1156;8385.207;147.6273;73.5514;287.16333;37.731262;7103.016;93.46268;61.67738;227.57495;16.802338;4616.329;193.16849;85.959175;371.3042;68.81677;9692.395;140.19461;86.35922;324.18262;24.641418;7029.0264;165.66714;69.626465;307.21448;61.939026;8174.1035;269.30643;83.87191;431.3047;127.22768;12990.209;247.38014;95.13314;432.34525;98.21521;12102.321;67.39846;41.72388;157.93848;13.5230255;3261.0571;119.00046;77.25307;273.7417;21.335266;5809.412;64.8918;60.1188;194.63177;11.730652;3211.452;333.89108;81.13631;492.29956;172.77512;16257.447;0.0;0.0;0.0;0.0;0.0;0.0;0.0;0.0;0.0;0.0;0.0;0.0;0.0;0.0;0.0;
5217609.0;225.42267;123.36574;477.0078;49.51529;8624.941;299.67908;123.05955;534.3357;95.18428;11306.365;77.206474;43.18921;168.74219;13.654907;2910.6174;114.40901;66.40937;274.30127;38.124023;4687.153;90.60242;67.588326;258.45514;11.161011;3607.291;296.76926;127.65365;590.38745;118.27161;12138.25;260.4836;106.60311;481.74756;100.520874;10023.039;166.74615;94.45475;355.07104;29.792236;6416.377;140.47293;69.43404;288.47217;24.424316;5284.1543;289.9364;124.03553;570.1494;105.86621;11393.323;224.2189;101.7664;435.07104;89.67322;8880.93;157.84569;86.09083;342.06525;49.669586;6218.516;294.2724;129.37553;557.3745;105.75864;11443.143;176.93414;89.386696;354.77527;57.313843;7091.404;79.9056;56.58923;207.88168;12.816925;3149.6086;186.93318;65.448166;292.9368;78.173996;7421.1436;263.4628;63.708893;362.50812;150.03088;10313.886;338.33795;71.88117;453.85828;230.74706;13330.45;0.0;0.0;0.0;0.0;0.0;0.0;0.0;0.0;0.0;0.0;0.0;0.0;0.0;0.0;0.0;
5201108.0;149.19077;66.632866;257.94458;65.536804;2502.578;272.5232;90.68589;433.17188;163.17822;4651.347;83.96362;39.37514;149.18951;37.946716;1408.2684;241.46921;91.90025;398.2174;116.158936;4143.768;185.70471;67.147896;296.38583;98.71936;3143.6396;449.23636;136.57751;669.5192;237.41727;7613.3594;227.21085;90.19121;380.79175;104.01172;3764.3857;196.65222;88.87325;340.45398;56.40512;3319.7263;170.1684;71.77128;293.0746;71.317474;2919.3975;257.6437;113.47565;446.2881;88.236206;4347.7617;326.3158;100.30122;496.40234;167.32678;5541.7266;207.68451;81.416374;339.97656;89.59201;3491.7842;277.63696;94.45465;440.88586;131.7649;4684.4053;201.97113;75.11617;332.67773;99.440125;3422.4246;114.923805;50.6609;201.77069;51.92993;1940.3112;148.24702;62.806366;246.80518;65.74129;2536.961;245.86218;70.225296;342.31104;124.93359;4070.0818;340.28195;83.41745;478.4851;227.78683;5823.562;0.0;0.0;0.0;0.0;0.0;0.0;0.0;0.0;0.0;0.0;0.0;0.0;0.0;0.0;0.0;
5208707.0;170.31964;50.64872;260.19165;103.686874;2654.8809;298.61435;88.13393;457.21777;191.52335;4791.4204;70.93385;34.346153;138.34406;32.72885;1162.5159;290.80118;61.383568;408.31396;209.104;4668.7783;198.63847;63.670605;307.8557;110.82658;3161.703;442.06915;86.16569;585.2656;319.49872;7206.6855;154.13896;55.074707;249.42627;86.4518;2457.5671;186.7449;58.92784;293.66357;115.71185;3020.6465;166.497;51.528;261.96802;100.32974;2674.2017;263.57556;74.9061;389.67993;163.65115;4171.5312;304.77;88.88957;471.48315;187.14185;4945.1035;212.53941;65.941284;324.99905;124.26166;3353.508;252.57043;94.58871;407.41992;131.86447;4026.61;167.97314;47.984425;279.22607;117.34137;2829.5073;103.91153;36.84029;185.46231;65.23121;1699.0446;171.04457;45.38896;285.88257;125.61423;2758.277;202.9966;48.895382;292.03125;141.51337;3263.7722;378.10263;58.089073;470.72244;287.38885;5946.043;0.0;0.0;0.0;0.0;0.0;0.0;0.0;0.0;0.0;0.0;0.0;0.0;0.0;0.0;0.0;
5211909.0;268.08127;142.60667;604.04663;45.61087;24099.814;290.3017;142.64256;656.8568;64.415375;26700.207;72.74807;57.671047;247.5181;8.99585;7013.537;182.50272;93.95127;415.20703;45.755844;17458.986;148.99046;96.462975;415.9417;29.59491;14605.668;206.03232;103.858444;485.37598;58.26465;20044.834;179.00888;97.58491;427.89758;37.219757;16542.736;262.14258;137.9969;572.61523;38.73474;23342.982;202.75304;116.51349;515.68164;36.278168;18892.182;264.60657;132.373;565.0273;48.263977;24077.996;209.40517;108.62807;537.46094;45.89435;19582.738;224.48476;121.997635;543.7758;55.251953;21280.363;262.66516;143.61362;636.875;67.02762;25482.85;184.99101;105.11572;441.81482;34.746307;16930.66;172.47755;91.793205;399.16406;40.725494;15792.052;178.71037;90.22332;408.6123;46.96048;16618.92;233.8732;111.02892;508.89914;49.15857;21903.45;196.35538;113.76884;468.99512;39.324448;18366.281;0.0;0.0;0.0;0.0;0.0;0.0;0.0;0.0;0.0;0.0;0.0;0.0;0.0;0.0;0.0;
5218805.0;288.03732;144.63797;609.3811;38.073578;29489.273;305.55426;169.4037;712.8926;57.06807;32434.324;104.0212;65.623436;268.70978;6.7504883;10761.495;205.8859;119.763916;488.17285;20.770203;21909.053;192.91914;123.15018;480.15753;24.931427;20148.014;264.115;143.00043;667.3921;59.41745;28345.586;159.63547;107.49631;464.0254;16.401947;17478.996;196.48074;133.85063;533.381;13.683502;20783.354;206.86554;120.34799;492.7754;16.30188;21589.771;249.00008;149.585;618.8053;35.212708;26434.11;252.10767;161.1232;638.5488;35.80835;27325.113;239.51903;132.56038;579.395;37.616486;25252.125;263.1584;148.0455;659.5078;60.83841;28717.615;168.18654;125.006065;489.11572;14.895721;18399.83;175.77399;103.12192;438.25684;39.85309;18685.646;215.77516;120.70753;509.50098;29.399933;22436.977;255.37296;145.81058;597.90015;40.321198;27191.848;296.38678;148.4139;602.86646;40.792908;30913.645;0.0;0.0;0.0;0.0;0.0;0.0;0.0;0.0;0.0;0.0;0.0;0.0;0.0;0.0;0.0;
5219738.0;152.99072;43.26073;197.00848;98.23215;758.319;294.32465;87.0094;382.73853;183.68954;1435.6428;64.183174;22.368923;88.377686;37.911377;317.09375;290.74545;64.44846;345.41064;193.09888;1394.006;186.64227;67.98017;258.5107;104.73471;919.96674;447.76126;89.80736;534.1621;331.34015;2157.4756;154.24536;52.504868;218.82007;95.88574;808.2591;172.19238;55.696335;245.59402;115.97342;858.9617;157.68944;38.61572;202.74829;117.61487;795.8469;262.21036;75.42232;344.51147;172.75818;1311.4226;301.6;90.80834;406.84717;201.23328;1514.2327;205.35898;64.3215;267.01132;119.803406;1021.2689;237.23434;97.022026;348.36523;130.50041;1205.2308;191.51251;57.367157;253.29565;123.994;927.3559;112.634415;53.324562;170.348;54.38669;555.7584;159.90952;9.875858;174.85373;149.52316;801.04297;198.22467;38.464138;248.67737;157.8103;994.6515;389.60114;48.91074;451.68896;334.8001;1946.4275;0.0;0.0;0.0;0.0;0.0;0.0;0.0;0.0;0.0;0.0;0.0;0.0;0.0;0.0;0.0;
5220264.0;188.2976;52.750793;290.80957;119.25949;2283.4326;244.21841;50.6953;337.05188;177.39775;2975.8535;86.86947;16.323027;117.74567;62.29895;1044.6633;218.6691;66.169586;350.01404;146.61182;2726.6929;173.41577;42.339344;240.50671;111.15085;2091.0447;374.55032;78.37849;524.1369;272.0066;4560.016;213.68097;52.981987;296.5301;136.55115;2534.3381;188.90555;49.835213;279.00244;120.36337;2279.439;224.18843;59.4083;322.25305;121.11731;2665.7754;198.46127;67.00592;317.21118;107.284424;2409.6865;333.32233;72.4342;437.8755;221.69714;3981.7212;203.03818;58.148987;303.8771;126.433685;2441.2454;345.3545;68.15298;453.45374;237.71458;4109.916;175.95363;42.611088;250.1336;120.34186;2127.755;112.200096;25.71963;153.19653;67.79855;1347.7654;154.49109;46.335743;232.71161;85.65004;1874.9937;226.55795;58.416;326.14893;136.97049;2723.1174;285.82416;81.404274;412.86493;153.11469;3395.0928;0.0;0.0;0.0;0.0;0.0;0.0;0.0;0.0;0.0;0.0;0.0;0.0;0.0;0.0;0.0;
5220454.0;163.46877;33.744457;208.44067;124.87552;965.40247;288.70856;56.423496;371.12207;229.55042;1754.502;82.51911;28.425447;126.88281;54.147705;494.4568;308.71277;36.470406;357.09424;263.62427;1852.646;195.01462;45.5511;256.48413;142.60616;1169.114;468.7029;50.95239;547.65625;414.33228;2845.6716;159.16284;33.55349;207.59778;122.65112;949.1255;200.98375;40.454765;256.18665;154.90631;1206.7825;178.64378;33.479202;226.4408;143.1264;1070.0833;254.96562;46.008137;327.64258;211.1076;1550.2023;319.4301;53.862183;396.08282;258.16235;1913.835;195.36365;33.118828;243.66248;153.10794;1173.576;257.37714;62.43579;347.66602;195.8717;1524.3115;185.7106;33.79666;243.09424;153.30043;1129.9567;106.05107;23.172888;142.06651;84.5137;642.20154;165.69319;19.501621;191.66959;140.10696;998.4501;200.78265;9.134018;212.1018;190.06421;1203.9583;343.5428;16.530266;367.79312;325.06668;2065.546;0.0;0.0;0.0;0.0;0.0;0.0;0.0;0.0;0.0;0.0;0.0;0.0;0.0;0.0;0.0;
5220603.0;170.08784;87.35967;368.02924;40.91353;6891.849;253.43697;114.96169;538.04004;94.60986;10445.176;108.64369;44.861076;198.4674;16.755615;4125.3228;186.52443;101.61133;415.54272;40.41736;7501.0664;175.66197;81.2207;360.54987;54.96319;7042.645;358.49625;140.848;696.2103;167.67084;14567.885;216.52205;106.65361;464.63574;50.197998;8672.687;205.78477;98.59089;435.9784;41.718475;8056.1055;178.03807;78.277794;344.85083;54.870483;7070.333;196.10608;113.71464;466.40527;53.572083;8283.938;338.38354;108.97111;536.604;119.66492;13209.451;214.08252;78.94331;391.52637;83.5269;8591.471;310.1373;117.66152;581.98816;116.05835;12355.043;189.16737;76.256676;350.53247;65.49643;7409.957;93.311935;56.960075;225.9502;13.9079895;3781.6921;154.90874;74.962425;310.26007;58.152817;6264.1963;234.44463;77.38599;388.3366;106.37186;9443.293;300.63046;94.485176;519.0646;154.24014;12252.762;0.0;0.0;0.0;0.0;0.0;0.0;0.0;0.0;0.0;0.0;0.0;0.0;0.0;0.0;0.0;
3170206.0;293.5707;108.43967;520.0864;83.40723;16482.74;229.46738;114.50809;483.81805;60.20764;13434.592;87.136154;56.666008;220.35217;6.6434326;5201.0576;255.6251;101.1624;502.1187;84.22461;14648.095;194.80435;108.02546;445.26074;27.621338;11261.604;426.6381;152.22055;800.313;173.4707;24659.865;298.49615;126.54466;580.8716;100.21536;17140.63;240.78767;107.59253;500.53366;78.8266;13816.974;232.62352;122.38042;555.1255;68.528564;13980.742;281.38608;137.68895;639.4707;73.83664;16509.18;256.3686;150.87227;644.1367;53.839417;15412.188;265.8796;135.05458;633.84015;73.73535;16367.33;351.9728;106.78215;612.5596;174.9841;20685.777;245.5377;102.640625;458.24844;69.49255;13684.929;93.37913;49.780025;226.78809;21.091187;5306.745;174.4896;101.1112;435.4121;23.046173;9914.151;297.50333;110.77546;544.0648;104.53027;17142.443;403.64114;108.81502;604.7086;205.12827;23107.346;0.0;0.0;0.0;0.0;0.0;0.0;0.0;0.0;0.0;0.0;0.0;0.0;0.0;0.0;0.0;
5000609.0;175.1868;66.25887;320.2362;75.392334;9748.67;189.06708;88.00539;348.9405;53.35077;10229.872;116.93933;77.54973;282.1098;20.022156;6700.5405;365.14444;82.46566;538.77466;227.10805;20376.94;291.70242;101.51929;509.82288;123.30121;16420.463;209.92303;78.36329;387.49902;88.53931;11839.746;106.755714;74.25794;237.67188;12.95166;5948.395;282.61682;105.6447;482.10254;87.5672;15680.463;125.512405;86.578476;307.4397;10.377502;7057.2095;182.28279;75.24793;331.53677;57.23999;10110.248;323.69345;124.38897;587.0993;120.05058;18227.127;273.17764;136.5633;557.89233;89.73332;15564.565;128.98613;68.79458;276.71436;36.729736;7385.5576;113.796135;63.47595;246.26746;22.673569;6391.926;97.95348;55.780933;229.43387;26.066025;5566.3887;143.91257;82.12536;312.49557;34.875885;8182.8525;377.09552;159.04958;677.8161;127.10083;21114.775;186.8506;98.18531;397.8635;43.32852;10545.04;0.0;0.0;0.0;0.0;0.0;0.0;0.0;0.0;0.0;0.0;0.0;0.0;0.0;0.0;0.0;
5002209.0;244.23389;91.236984;429.7259;116.40094;15941.82;143.08102;75.96119;316.42117;44.831207;9575.449;98.94841;46.016804;192.43854;31.57219;6372.2207;154.36734;49.81434;279.9546;66.915665;10117.844;185.37004;61.985565;337.81104;73.60535;12104.658;307.54767;61.58343;435.32703;168.24377;19949.99;80.21938;35.005257;174.25278;28.300049;5286.0693;181.05896;78.41027;385.23755;70.28531;11983.869;101.27338;49.910347;205.68579;20.508163;6685.8467;262.15134;92.86799;455.90005;86.90494;16843.97;257.98114;81.56918;431.27295;123.30649;16727.39;154.44334;66.26851;337.82263;60.938248;10377.531;184.89044;78.59222;350.61572;61.46875;12023.863;138.39711;47.570667;230.81934;57.311584;8858.099;31.228312;20.448183;81.56717;6.5179443;2069.128;123.180786;57.480896;235.93433;44.37436;7939.306;201.2782;81.51623;367.2067;80.670166;13049.051;251.62503;78.15443;439.2766;100.80266;16257.615;0.0;0.0;0.0;0.0;0.0;0.0;0.0;0.0;0.0;0.0;0.0;0.0;0.0;0.0;0.0;
5006606.0;264.05927;91.562614;457.1045;121.632996;20036.77;154.33147;90.05081;382.3857;29.554062;12096.695;170.98705;79.73013;321.69882;35.426758;12306.449;277.3786;101.58657;499.75183;112.4028;20807.072;350.05206;106.90306;551.00525;138.94682;25981.682;232.55634;77.97267;397.604;100.54779;17806.223;70.57693;37.59159;158.49976;13.344971;5399.181;262.92664;118.08608;527.1659;51.586;20060.877;140.95003;72.9798;302.091;24.169342;10513.237;179.50087;79.74706;358.02737;35.457153;13531.73;282.60992;112.532814;542.92126;97.241516;21765.51;286.4957;117.21613;531.8291;93.2296;21608.73;192.53615;95.835594;417.40405;41.09375;14511.03;128.43799;66.74338;290.55933;26.437866;9534.441;157.17249;90.895294;365.8061;32.105606;11681.811;136.47217;59.22737;237.01428;27.373703;9991.52;223.99052;110.04312;465.5715;66.2999;17076.334;177.95995;90.218506;375.3956;55.49002;13708.242;0.0;0.0;0.0;0.0;0.0;0.0;0.0;0.0;0.0;0.0;0.0;0.0;0.0;0.0;0.0;
5002704.0;189.13118;139.24219;508.57608;25.897064;19334.637;193.958;169.13506;622.40625;14.95726;19832.008;185.4675;127.5968;484.05054;22.97998;18576.748;156.33511;130.98145;507.4004;15.312347;16184.803;191.36053;162.0505;571.91406;8.583618;19564.3;272.7851;147.2409;603.3574;62.402344;28176.455;52.39007;52.124374;194.65784;0.0;5532.0483;232.6795;165.28659;616.041;24.873291;23548.57;243.70833;156.62682;648.1631;41.66156;24932.502;232.66228;165.2649;628.3242;19.48938;23930.14;253.13469;153.65562;596.9463;32.19995;25443.656;181.92278;120.27918;480.4453;20.676636;18681.229;189.57776;128.34192;505.35208;21.898438;18901.902;119.2127;88.84019;325.32617;8.167175;11922.023;133.61362;100.36619;388.1328;7.871887;13720.773;130.25896;83.750114;322.8833;27.141785;13346.357;273.7599;123.15135;523.86755;73.71213;27574.957;172.21475;88.10876;349.18066;35.801086;17461.293;0.0;0.0;0.0;0.0;0.0;0.0;0.0;0.0;0.0;0.0;0.0;0.0;0.0;0.0;0.0;
5002951.0;197.49954;102.55672;438.2434;42.469147;10206.963;311.51883;153.92296;662.70703;78.845856;16467.49;108.95436;76.63362;298.76593;6.402832;5562.5186;298.1168;165.761;669.7529;50.747925;15215.695;318.18643;183.08305;702.6367;75.892746;16658.51;267.00256;135.22003;553.77734;77.04999;14049.24;165.54713;87.36014;356.63425;35.94629;8501.906;145.5598;93.01973;381.1504;28.264572;7771.268;324.08533;154.86113;648.3467;80.95737;16951.195;286.11823;141.89828;622.459;63.432053;14888.633;287.77634;120.288605;514.57715;71.57687;14619.353;256.20325;137.20056;558.0045;40.326355;13338.866;250.5062;151.79576;614.8291;37.67221;13129.778;104.90807;65.45444;276.44357;15.024338;5413.231;187.50378;86.85914;370.0091;44.54242;9579.819;161.88663;56.906914;286.83545;60.80127;8384.76;197.34483;92.63104;414.96808;66.31909;10651.12;145.23796;76.7428;328.63217;38.133743;7709.1855;0.0;0.0;0.0;0.0;0.0;0.0;0.0;0.0;0.0;0.0;0.0;0.0;0.0;0.0;0.0;
5005400.0;261.5394;96.25098;488.4871;98.39609;18244.63;184.1616;91.13877;396.75623;52.052063;12903.101;109.73876;60.29709;251.54724;19.037003;7759.799;195.53477;84.40901;377.64737;74.58006;13724.543;256.18506;104.8471;478.32037;93.51962;17629.998;248.7548;90.96255;454.69836;114.052734;17594.1;57.661617;31.394602;140.20331;17.93335;4099.841;217.37119;90.60734;405.175;79.78128;15082.272;163.4501;89.05181;388.00232;32.740845;11498.29;198.23555;107.33136;459.23288;52.617767;13947.242;240.206;104.09988;478.48267;81.24231;16882.809;236.94615;98.290764;459.58496;81.20079;16535.695;165.34982;82.81145;370.69653;56.994568;11677.861;104.00048;60.809174;269.4246;15.180725;7311.3643;157.76445;85.126015;333.03226;12.049988;10614.512;94.35938;60.564533;240.39642;18.430908;6774.1997;187.35078;104.205956;425.32324;52.28058;13337.445;212.68243;101.112175;393.96594;72.932236;14885.986;0.0;0.0;0.0;0.0;0.0;0.0;0.0;0.0;0.0;0.0;0.0;0.0;0.0;0.0;0.0;
5005707.0;198.51462;82.734085;370.25568;53.738358;8944.075;140.94946;59.520416;258.75922;40.975067;6384.4966;130.24136;91.130264;339.3026;17.120316;5997.2617;369.18326;124.87568;632.19934;149.4961;16885.793;332.73248;146.6844;624.95996;108.51343;15281.157;182.2142;68.3405;339.86133;57.19922;8368.288;66.035965;65.99817;230.02441;3.8142242;3063.1726;164.59552;83.92707;372.28265;49.95874;7652.1895;128.86282;77.14784;309.364;24.769806;5947.017;146.69011;73.16595;307.1682;37.626343;6774.4873;261.98474;107.46593;474.64435;95.481445;11936.238;253.13387;119.529205;509.7168;78.565796;11646.175;117.931946;57.945137;243.10614;33.6044;5394.3887;83.37771;58.369717;221.31396;7.557678;3896.1345;99.43023;59.04923;243.98279;28.905228;4690.963;113.47265;66.37698;260.91373;28.788574;5224.654;298.13937;121.35112;618.8911;137.47754;14178.178;228.00853;107.27853;470.9148;49.496307;10339.284;0.0;0.0;0.0;0.0;0.0;0.0;0.0;0.0;0.0;0.0;0.0;0.0;0.0;0.0;0.0;
5007695.0;152.92572;79.999275;351.66602;52.487457;8271.598;236.86829;118.01742;483.9961;51.445763;12355.595;122.162315;68.9991;265.88623;17.005127;6315.942;220.80951;136.80045;503.96875;36.353943;11665.075;192.89906;105.07932;448.73486;43.54448;10280.402;352.87747;130.25945;627.6604;135.58456;18351.43;129.4622;73.84019;305.22165;28.857788;6754.292;199.39587;98.6397;422.76367;68.064514;10653.859;295.71457;110.04429;535.67236;99.40695;15329.316;239.44406;128.37906;510.28467;49.505707;12653.049;240.69795;118.229774;479.56006;50.121216;12408.462;251.76591;106.1631;476.9795;82.33159;13193.632;247.63898;131.39354;502.0254;49.319946;12979.3125;118.80498;80.44414;290.16187;22.87793;6369.8594;219.05544;103.62169;421.5039;55.54538;11417.982;146.18193;51.35826;253.29785;58.546387;7581.3833;237.40842;73.21142;408.29248;108.43683;12360.955;179.98341;65.11016;316.76184;64.41113;9313.141;0.0;0.0;0.0;0.0;0.0;0.0;0.0;0.0;0.0;0.0;0.0;0.0;0.0;0.0;0.0;
5102637.0;217.12796;103.425606;475.3369;45.570435;24164.574;251.415;121.42464;567.6902;61.22992;28386.578;121.351326;74.10137;331.89856;23.235153;14065.294;175.523;92.00759;401.7329;28.457336;19502.012;148.45117;74.97005;334.63574;27.137405;16284.787;289.99677;104.921394;559.15625;103.840485;32325.932;232.64143;107.1888;500.9123;35.23224;25287.008;284.34387;139.91344;657.4258;52.340637;32164.52;378.87143;139.1052;717.21094;108.06659;41604.258;199.38315;127.48391;553.5713;25.797913;22438.637;236.65564;109.59952;532.7031;64.71588;26689.268;393.04395;117.69551;651.1133;138.10669;42701.47;281.21054;138.33786;650.90234;69.290634;31667.148;207.46992;96.44644;471.4541;53.999176;23274.059;260.5571;105.19565;517.3535;55.475327;28814.484;163.47366;91.02342;376.91992;39.41086;18485.967;182.12111;104.04585;381.50317;29.765259;20128.23;237.49655;98.42914;456.3047;77.15964;26110.473;0.0;0.0;0.0;0.0;0.0;0.0;0.0;0.0;0.0;0.0;0.0;0.0;0.0;0.0;0.0;
5102678.0;260.3014;136.18167;549.60254;75.21057;16319.109;339.3459;153.86288;719.86816;119.61255;21591.633;106.30868;84.83398;342.688;17.201172;7308.542;160.95851;116.00022;438.3191;28.412933;10663.898;129.82082;93.46197;369.35352;14.606308;8379.533;395.04617;171.4249;831.4297;141.46597;24953.852;284.56937;140.75687;631.8533;101.43799;18172.387;197.79611;101.05185;417.80884;56.358734;12485.708;264.37775;106.06227;476.66895;84.49518;16201.511;250.58916;108.97031;458.2926;70.33835;15413.698;296.74573;121.60981;550.3115;107.529785;18449.854;328.97275;135.80132;580.499;103.47504;20144.547;240.65913;121.39016;511.41797;58.760376;15096.819;265.06454;107.01834;479.28937;92.846924;16432.21;173.2632;86.500786;364.23047;45.02014;10871.351;199.18878;85.2585;372.639;80.09955;12290.737;197.3272;54.94508;305.5952;104.26308;12173.867;303.1063;76.689384;437.0708;171.5781;18657.791;0.0;0.0;0.0;0.0;0.0;0.0;0.0;0.0;0.0;0.0;0.0;0.0;0.0;0.0;0.0;
5103502.0;213.58957;116.90218;491.0182;35.614227;22496.229;293.58383;159.51881;625.83594;42.590942;30826.496;161.54596;90.617065;363.59595;24.121918;16997.021;251.7537;155.68591;530.3457;32.37982;26320.805;145.1637;95.74285;349.1447;18.913513;15309.051;310.2172;134.95206;592.8982;103.83667;33015.957;243.04417;128.11754;527.09076;38.62436;25507.195;297.27203;184.2987;708.5801;37.4422;31241.809;305.11646;148.4217;647.49023;73.65411;32399.982;219.17938;127.96867;526.72363;30.698685;23132.01;326.51514;166.01549;701.7344;57.896362;34547.07;304.85504;149.22322;671.2031;74.91907;32504.475;342.14133;152.89323;679.375;69.35544;35782.395;205.67545;96.880806;431.24902;51.45172;21589.66;257.15317;132.95001;548.25;43.67566;27068.621;185.1348;100.04054;410.52637;32.994568;19564.283;201.63364;120.200966;468.86755;41.235962;21207.52;205.5299;121.59894;490.49512;45.9729;22010.533;0.0;0.0;0.0;0.0;0.0;0.0;0.0;0.0;0.0;0.0;0.0;0.0;0.0;0.0;0.0;
5105259.0;235.60408;71.87409;392.47437;125.088135;12173.244;367.289;88.431404;526.3883;205.12396;18493.943;160.58884;64.28621;291.98877;74.06116;8217.027;143.32495;49.671665;279.46857;78.99725;7413.674;113.950455;50.028015;223.4187;48.343872;5891.7705;298.3091;76.9692;475.7633;173.80322;15223.133;262.56207;67.44925;376.27;135.27998;13105.785;353.08392;113.564896;553.10223;165.78737;17952.365;335.28598;97.394455;530.4114;186.33606;17226.85;251.5068;83.14058;390.7539;112.721375;12642.135;300.0188;104.82924;522.91016;153.60718;15475.943;300.5163;92.07677;472.67065;154.09995;15271.232;340.72504;106.20387;518.96875;153.88037;17104.352;226.55458;57.74734;345.93362;144.48514;11576.922;321.04456;77.83435;471.1936;179.3056;16230.118;191.66599;66.446884;318.13623;79.20491;9745.4375;227.68153;88.09027;381.40723;85.16199;11311.258;272.0578;84.28797;423.80518;132.58484;13842.141;0.0;0.0;0.0;0.0;0.0;0.0;0.0;0.0;0.0;0.0;0.0;0.0;0.0;0.0;0.0;
5106224.0;214.10289;112.60529;470.24677;41.3468;24381.084;315.28775;140.5707;647.93164;90.64281;36024.29;169.6077;84.085526;372.55664;36.94742;18939.275;244.48907;112.82001;445.90308;38.6951;26524.125;138.2867;79.95041;348.77393;28.228775;15595.643;332.30447;154.26637;704.1494;122.92972;38040.484;243.97707;116.11116;523.80273;70.05322;27438.959;311.2727;170.21495;674.625;40.20549;35215.363;327.29788;153.94897;653.9363;102.40872;37076.562;219.42969;117.23017;494.30176;52.952103;25052.402;376.3513;152.32611;687.8203;119.69818;42137.88;277.00153;108.97137;514.38477;90.03198;31286.033;330.4313;135.76253;635.16797;91.35712;37170.34;236.01167;87.27023;423.2021;73.75221;26407.906;280.02267;100.150795;491.52103;103.58765;31560.97;182.44327;93.3313;402.94385;49.12976;20932.32;184.39288;93.52308;407.20795;45.09906;20970.678;232.32935;128.38725;514.5503;46.359863;26425.834;0.0;0.0;0.0;0.0;0.0;0.0;0.0;0.0;0.0;0.0;0.0;0.0;0.0;0.0;0.0;
5106257.0;200.83311;69.34038;390.1123;105.60474;15374.167;375.84378;104.953125;626.4431;184.05884;28559.576;106.99481;51.11113;218.61572;30.059326;8109.54;154.29999;66.30282;316.73584;61.581665;11778.07;96.07779;53.885094;245.12964;28.10144;7465.158;305.98953;112.24768;619.96484;159.13257;23991.805;241.4393;88.83976;478.63525;114.18712;18415.645;338.57538;90.757385;543.79517;174.53186;25570.746;273.71286;87.664894;467.05054;120.62842;20551.008;206.50528;89.14134;420.6508;75.96417;15571.087;253.0522;102.52338;525.1113;106.98566;19749.502;182.52316;69.90943;362.44238;82.45557;13960.098;356.84335;112.67437;607.52783;170.8725;27126.49;218.33762;73.840805;388.4967;87.99335;16527.688;141.44305;63.08095;313.48633;51.52362;10871.3955;128.58768;47.0011;247.31216;68.64511;9936.973;193.75742;58.959976;320.57452;104.762474;14622.354;304.7813;78.596146;464.8883;172.6515;23173.658;0.0;0.0;0.0;0.0;0.0;0.0;0.0;0.0;0.0;0.0;0.0;0.0;0.0;0.0;0.0;
5106372.0;215.75124;105.08406;454.422;76.17096;12065.268;358.24417;134.80902;609.20703;124.04489;19586.328;168.66968;80.98128;333.26624;40.046753;9256.051;118.344246;71.88612;283.49316;28.476944;6643.569;220.4902;106.10652;425.35742;59.66159;11982.705;320.76816;108.248566;520.24023;127.62958;17396.928;220.07181;84.42668;411.38446;85.57117;12204.941;250.57764;88.13744;420.1797;86.50726;13710.163;281.18726;105.48238;489.98242;114.61017;15278.855;260.89722;99.561;462.68945;118.739716;14293.337;302.48578;133.36572;582.90234;102.79309;16818.602;237.7598;74.03486;381.70374;102.87906;12935.179;270.0794;126.69457;539.2012;94.41937;15127.535;220.89091;95.51232;397.6006;67.60327;12081.649;231.19307;102.589676;419.4557;83.04463;12608.879;193.63623;54.35562;307.6438;81.716095;10605.926;228.2973;67.56794;354.18103;112.29584;12593.778;205.41559;76.418625;368.6548;100.5636;11400.458;0.0;0.0;0.0;0.0;0.0;0.0;0.0;0.0;0.0;0.0;0.0;0.0;0.0;0.0;0.0;
5107040.0;262.23947;113.03016;505.71387;63.563812;18862.816;404.83405;137.22552;686.6089;163.43677;28776.11;134.22307;66.18323;298.28662;22.59967;9804.544;163.83612;77.56507;346.64185;46.984253;12033.756;158.01865;79.98156;366.79492;41.56253;11558.627;298.64157;134.71985;692.2461;111.85654;22147.045;317.65308;111.83439;571.10034;107.376465;22635.871;246.40192;90.49098;432.98926;72.07507;17576.375;255.78862;93.53867;471.5011;108.835205;18720.93;206.05267;74.56623;392.97314;95.70557;15214.236;366.1464;127.646355;656.29614;147.74872;26294.783;212.75294;102.585945;448.78027;72.38939;15958.268;280.0214;107.30529;517.4219;108.98236;20263.479;223.7735;90.38624;459.5725;98.94714;16274.409;169.81268;78.675606;351.5664;51.704346;12264.153;220.88663;84.32025;423.25293;91.133484;15809.313;216.37157;61.64951;365.81714;116.44629;15560.589;253.73053;61.056915;412.60352;148.39844;18250.965;0.0;0.0;0.0;0.0;0.0;0.0;0.0;0.0;0.0;0.0;0.0;0.0;0.0;0.0;0.0;
5107065.0;268.69055;139.1227;570.2051;47.614136;49069.24;389.3929;185.28363;751.3535;62.724365;70887.14;148.19835;108.188446;502.1289;30.088623;27758.47;158.58702;76.26216;355.94342;37.121277;29097.988;114.95211;81.63712;334.63574;14.163574;21284.678;514.8232;182.75606;931.5078;174.49854;94265.42;279.93506;123.09492;601.07324;90.369995;51522.445;306.97607;171.23906;722.1328;58.93857;56748.133;287.15067;146.98155;622.9199;65.118164;52718.035;284.96295;160.33832;675.9824;50.0175;52382.18;265.46564;144.32916;649.125;66.3804;49656.973;232.32114;111.34644;534.0781;61.210693;42781.29;323.6272;173.11197;745.0703;70.73749;60022.133;292.5322;146.83308;651.02344;86.046234;53481.562;244.40395;118.900024;523.5957;52.17874;44433.98;204.01105;68.50484;380.55347;94.185715;37320.023;173.56825;68.279076;355.729;59.10182;31924.143;306.1129;80.78056;498.33197;141.88501;56057.5;0.0;0.0;0.0;0.0;0.0;0.0;0.0;0.0;0.0;0.0;0.0;0.0;0.0;0.0;0.0;
5107875.0;171.24706;112.428925;468.81934;19.364624;27486.258;305.65717;167.04568;690.81055;63.28302;48747.43;173.15941;93.231316;408.7588;35.770874;27538.334;160.01688;100.69709;409.93237;15.973785;25531.281;197.41528;106.13227;430.08594;32.84922;30983.531;299.99377;129.68063;612.61914;92.62204;47544.164;180.9142;115.17671;474.06934;23.31662;29117.25;325.62976;160.95825;715.3672;59.05301;51559.465;401.20752;180.57835;784.5508;68.66026;62232.883;235.53827;137.27673;548.4824;12.307419;36438.367;275.4395;124.43321;565.09375;70.66087;43640.74;355.99985;120.775894;642.29297;118.012146;56189.258;325.1588;166.7787;700.39844;71.59558;51762.67;279.59763;144.08582;625.6699;70.36072;44602.188;274.84256;129.17671;586.6797;69.47742;43568.75;206.72488;98.21089;450.9375;37.203476;32275.951;180.86485;99.70259;492.3457;45.55182;29636.785;227.51933;101.371864;488.4375;48.919617;35958.996;0.0;0.0;0.0;0.0;0.0;0.0;0.0;0.0;0.0;0.0;0.0;0.0;0.0;0.0;0.0;
5107925.0;210.73192;109.04976;488.50586;61.931976;23476.01;322.78937;120.61482;623.7754;78.92175;35243.797;125.76685;88.18925;385.20825;9.83551;14234.583;110.13662;75.4804;319.84628;20.890976;12401.808;168.30234;93.53033;380.0227;32.86203;18678.434;382.0603;169.8549;759.4219;95.665665;42634.246;295.78134;128.01517;576.23883;84.5148;32226.49;344.3121;129.85562;647.50195;134.30069;38132.586;326.1949;132.55254;620.94336;96.03577;35868.29;257.27466;114.1838;500.32422;39.988678;27948.576;338.82788;154.91325;733.53906;132.04501;38511.047;325.84174;142.52641;659.74316;77.08417;35602.555;310.09805;134.30972;640.9453;94.268616;34404.43;255.16843;126.39089;592.1465;85.83309;29011.484;287.25873;103.09418;536.1052;102.30658;31391.69;242.7755;96.801735;463.69043;83.5836;26856.238;272.98578;104.4604;490.81006;95.78732;29632.871;257.02045;115.97762;514.626;67.245026;28067.781;0.0;0.0;0.0;0.0;0.0;0.0;0.0;0.0;0.0;0.0;0.0;0.0;0.0;0.0;0.0;
4103453.0;150.54657;53.157063;234.58398;91.5271;1403.4597;170.832;50.150524;245.22559;107.72864;1514.4191;184.75446;61.33174;268.636;106.907715;1646.7773;380.39816;88.97964;505.54102;253.86035;3396.0217;339.70203;96.308525;470.97656;214.66364;2990.0933;226.24484;81.674164;331.72852;124.33984;1973.0186;135.51985;49.42182;207.72559;82.865234;1224.0994;213.968;52.959507;287.1632;148.55762;1934.2241;169.61946;63.809307;252.79529;85.78528;1514.3425;183.88826;75.4977;286.54456;92.41748;1679.6858;273.84302;83.71394;388.45508;160.4585;2432.2373;339.55423;90.881;458.16846;206.4917;2989.3533;135.64426;34.63086;178.85352;90.20776;1227.7125;102.717606;64.03343;192.69043;30.718445;915.77344;152.52513;57.090477;232.99292;78.59595;1376.3165;142.16493;64.63466;234.49268;59.94464;1251.6099;272.5498;92.29253;403.0244;158.16455;2458.4404;124.37705;53.520336;191.1222;43.3291;1066.6093;0.0;0.0;0.0;0.0;0.0;0.0;0.0;0.0;0.0;0.0;0.0;0.0;0.0;0.0;0.0;
4104808.0;156.80199;87.80333;347.11475;37.778564;5535.965;154.62718;87.9731;353.76807;47.216797;5600.3003;206.58203;117.18341;439.719;35.355957;6887.7246;301.3252;141.50696;599.2661;108.46185;10746.122;346.96207;167.9527;722.72217;116.76282;12455.782;183.91647;116.04915;434.35205;40.618652;6601.621;143.528;68.55954;306.6098;50.958008;5208.6504;193.81207;101.598015;427.42908;49.460693;6796.433;170.82663;107.97343;382.42383;17.965332;5730.2764;208.7048;103.47103;444.45605;73.91992;7471.22;202.05705;120.92859;475.78394;33.89087;7293.43;292.9293;140.24875;593.3906;95.48877;10211.168;156.75145;77.037704;319.50146;56.61035;5421.8506;109.9519;79.386955;284.5244;4.559387;3630.2031;151.85878;100.416626;374.80078;17.23584;5349.5454;133.9876;85.05113;317.66333;36.26416;4857.6753;271.10654;104.99941;467.39502;118.29639;9347.208;129.71613;100.62273;369.53827;11.564209;4586.0474;0.0;0.0;0.0;0.0;0.0;0.0;0.0;0.0;0.0;0.0;0.0;0.0;0.0;0.0;0.0;
2910503.0;109.66752;41.406414;183.78378;52.109863;2351.9414;42.27225;22.327341;92.81998;16.615387;927.1158;30.849983;16.361635;69.284546;16.07721;679.23486;3.7416925;1.0350466;5.673462;2.3120117;77.40527;11.862802;6.6616774;24.850342;4.265991;254.15244;131.24149;52.730713;226.5662;61.657593;2771.0388;48.59774;22.412632;94.153076;20.259018;1013.3422;45.931812;14.13173;68.53369;24.41504;952.13184;13.957549;9.717741;33.26123;3.8136826;310.42746;67.003525;22.499949;109.68149;38.78955;1426.3323;79.25017;21.769848;119.28882;42.76497;1677.1252;19.207075;13.068818;47.490204;6.1637115;412.30713;56.042477;14.242034;85.50876;36.02099;1176.8489;41.793922;22.620876;81.96069;14.882263;886.54816;31.911423;12.641744;53.871704;13.617798;687.1892;64.88343;26.965378;132.74911;40.415787;1397.2831;61.869373;22.010712;110.34009;34.144836;1342.1685;104.06937;26.256325;152.92633;64.4955;2155.697;0.0;0.0;0.0;0.0;0.0;0.0;0.0;0.0;0.0;0.0;0.0;0.0;0.0;0.0;0.0;
4107603.0;171.58397;59.69525;278.19263;79.74133;2876.4292;194.46008;84.981415;347.08008;68.447266;3286.7534;175.9883;86.690575;339.95312;55.789062;3064.0835;413.3667;152.8848;680.41187;193.72089;7027.5254;278.10608;118.46094;502.87598;108.54501;4754.418;292.6666;139.30623;537.3711;96.563965;4879.16;93.25416;51.22779;186.51709;26.957092;1540.8108;153.43423;58.00313;270.36017;70.2052;2666.9358;219.30031;103.98669;398.0089;54.47278;3669.8906;176.09956;73.50645;318.29688;74.29883;3036.9106;228.12317;81.06741;393.5293;117.49951;3963.9326;320.74887;94.641304;501.8086;176.45508;5367.091;104.20883;39.820415;185.46436;56.677002;1773.1527;105.90548;55.76635;211.18872;25.030518;1767.1284;159.12044;83.921326;316.5669;36.44693;2723.5012;181.03694;76.22428;329.56128;80.32837;3108.1377;220.53333;71.34888;341.4485;95.68652;3627.0928;97.462456;57.24746;213.146;22.298584;1726.9236;0.0;0.0;0.0;0.0;0.0;0.0;0.0;0.0;0.0;0.0;0.0;0.0;0.0;0.0;0.0;
4109401.0;169.3753;79.827354;357.93256;66.57422;8284.211;155.57469;95.468544;398.84344;32.093018;7663.706;196.68108;112.66719;445.36865;37.508667;9256.778;268.0561;139.3628;589.92773;74.19098;13021.291;260.2424;122.70623;534.4951;88.34776;12425.394;181.80144;114.04781;457.53314;35.6109;8831.867;134.22247;57.35431;268.1267;38.427734;6323.993;207.53986;108.92442;457.92432;64.84323;10071.64;160.66707;101.38343;414.36426;25.02417;7783.596;201.28351;72.66319;383.89355;101.50391;9657.967;302.8999;148.20078;608.6443;71.74086;14274.268;219.95692;115.579025;516.166;63.47998;10932.036;76.636055;46.866257;206.83401;23.702637;3877.1333;122.488556;71.849754;297.61963;12.727051;5650.5176;180.5942;105.54491;450.99;38.170593;8829.815;138.65022;71.50931;315.04126;45.297577;6855.131;143.70871;68.56614;321.97766;46.322144;6861.2983;122.25618;72.8697;318.47266;35.86879;6128.6416;0.0;0.0;0.0;0.0;0.0;0.0;0.0;0.0;0.0;0.0;0.0;0.0;0.0;0.0;0.0;
4113700.0;126.20521;68.48828;265.80493;43.03308;3865.9702;205.55138;110.16792;445.1701;68.97177;6244.6465;182.51884;96.16031;391.85278;52.326233;5546.6714;351.66672;146.95927;685.50195;159.4151;10956.751;320.11243;128.836;584.583;129.4357;9507.831;380.17422;111.99851;614.97217;222.46881;11558.221;107.138794;67.77722;240.91504;24.091797;3038.331;146.472;82.591415;336.69934;45.99121;4636.8574;258.51532;113.49608;479.82422;81.52185;7519.263;222.45972;121.19621;442.45215;57.21631;6456.5435;262.13663;83.453316;419.48926;128.4768;7733.5996;285.20847;123.06165;547.70654;121.47586;8741.842;135.6643;56.469826;246.61523;62.363037;4018.1968;86.52752;60.26088;221.44385;14.978027;2541.5828;130.12384;82.255135;308.48608;25.404175;4026.012;123.211205;69.6646;273.64893;37.24237;3678.611;255.02907;74.714615;409.64746;139.70776;7553.786;146.14113;63.07151;269.67822;44.401855;4348.923;0.0;0.0;0.0;0.0;0.0;0.0;0.0;0.0;0.0;0.0;0.0;0.0;0.0;0.0;0.0;
4115754.0;145.28183;31.098867;187.63647;111.798096;738.8039;196.8475;46.59148;259.31134;148.0675;981.18115;180.7389;44.89932;232.23901;126.51227;911.0704;415.99222;84.62855;532.34534;327.92838;2084.2266;302.71313;58.992516;378.80518;235.6672;1505.1038;351.0104;62.995964;411.87207;267.8506;1684.4806;100.38197;26.448769;127.95703;66.82959;488.83154;145.47913;37.705307;196.76682;102.224;738.5353;241.90074;66.19899;318.4801;160.86234;1197.8542;181.09479;53.550514;254.36688;122.44617;915.8393;235.62016;38.827545;290.46875;197.49756;1196.2417;308.77606;46.7847;365.84406;252.7663;1522.915;107.29802;19.873682;129.41724;82.716064;539.5464;85.380714;33.195408;130.28564;51.70436;439.14337;145.44643;41.134094;197.7135;96.40573;736.30347;164.06546;43.64972;214.15063;112.395996;814.3873;225.27736;38.85926;278.20996;182.98047;1131.2949;111.67978;32.886837;149.93457;72.271484;561.90436;0.0;0.0;0.0;0.0;0.0;0.0;0.0;0.0;0.0;0.0;0.0;0.0;0.0;0.0;0.0;
4117701.0;198.31053;76.67582;341.08008;68.68994;5042.399;228.45096;70.349266;385.29907;130.86816;6012.62;128.90428;88.34525;328.24414;21.854324;3470.9614;194.59106;85.228424;377.3479;75.407104;5174.1455;301.60568;121.844345;530.4834;109.71704;7588.2754;152.44745;74.89373;314.83032;61.81189;3975.3884;113.602844;37.8089;187.02295;52.28369;2901.0522;128.91379;51.620163;247.78021;58.154846;3449.2568;218.61838;118.90876;463.34814;53.597534;5779.2393;152.41528;54.451576;257.839;74.54004;3981.7197;224.40042;82.74885;390.70483;98.65527;5770.2373;277.86163;114.719826;522.7721;114.698364;7412.7236;60.658585;30.484722;130.23053;18.693481;1606.2484;97.141815;59.31037;226.4165;22.445312;2555.86;139.15161;81.16569;307.64996;27.169312;3696.023;138.22838;53.661575;237.20294;64.072266;3579.5417;62.969276;33.166557;139.95679;19.154785;1720.1958;139.4732;74.280716;298.57526;42.753418;3628.2832;0.0;0.0;0.0;0.0;0.0;0.0;0.0;0.0;0.0;0.0;0.0;0.0;0.0;0.0;0.0;
4119905.0;203.6963;89.875534;382.54303;56.846695;6649.316;248.91512;90.82673;462.79504;105.6604;8340.215;144.41895;80.888824;328.61328;31.926193;4829.8823;214.51585;82.61623;386.24707;78.856995;7104.2437;234.23418;116.1739;504.52197;75.48065;8322.529;171.15994;92.23669;403.58398;59.93982;5825.9155;118.26233;53.935146;233.76172;36.254883;3978.0896;152.07912;85.37416;348.9302;33.551056;5144.32;198.02644;111.42377;474.2141;45.42984;6709.6187;154.956;51.027355;268.67993;71.31055;5167.9575;231.87721;89.90932;471.13757;110.54419;7976.2793;309.03534;122.962425;573.0735;111.803406;10269.164;65.609726;27.996277;117.49725;19.160034;2119.8252;89.865295;56.65158;225.729;17.93982;3146.1606;150.34203;90.03154;365.75208;27.928223;5143.17;153.73792;57.04747;293.88403;69.78125;5236.8354;84.449615;49.924774;215.81226;24.250244;2939.2446;115.822655;75.63183;288.75903;16.618164;4041.503;0.0;0.0;0.0;0.0;0.0;0.0;0.0;0.0;0.0;0.0;0.0;0.0;0.0;0.0;0.0;
4306973.0;145.14578;14.51363;162.87714;124.503815;866.5947;205.46198;29.756413;247.24887;174.10757;1249.3271;306.0452;53.411568;377.6786;243.51245;1845.9153;234.22069;41.429173;283.1007;181.94308;1390.7664;429.28983;44.82988;484.73486;368.72174;2567.0664;159.17839;28.5965;202.35995;128.0365;972.77783;75.84569;19.949173;101.09152;53.719208;452.65875;164.78409;37.903;212.53534;121.297424;991.7091;213.65486;40.78804;269.81464;170.74467;1291.002;125.69892;33.406258;175.77637;91.74008;776.0969;118.48945;29.27304;150.13641;78.56262;687.40686;202.6473;44.339096;260.91278;144.67624;1227.6718;207.24005;26.04671;244.72925;172.02539;1250.2795;130.7619;20.74737;159.39569;104.75214;788.5823;180.38052;33.068306;222.65485;135.2638;1081.3887;138.9226;20.285753;165.32793;110.36799;828.6535;94.24618;18.732351;112.30763;59.308746;543.2499;156.86302;30.241877;199.94878;119.705376;957.25305;0.0;0.0;0.0;0.0;0.0;0.0;0.0;0.0;0.0;0.0;0.0;0.0;0.0;0.0;0.0;
4310538.0;73.83657;15.306292;103.57837;63.67865;534.1923;305.548;32.251;351.5575;262.09747;2132.211;205.93414;32.790504;260.23712;165.85092;1472.7938;178.19147;24.152107;220.30688;152.84729;1251.6841;375.632;57.300392;453.76416;298.27625;2660.0837;92.393585;10.586218;106.56561;78.2919;639.1605;199.79236;22.262264;234.90802;173.57526;1403.6832;157.06834;25.397903;202.30206;126.715515;1106.4446;227.0053;30.509785;267.49432;175.56177;1577.9021;95.146706;15.883655;120.19083;75.97897;668.69934;105.88048;17.371744;130.26068;81.22427;740.9022;175.02928;27.822008;216.19043;136.62146;1241.4359;255.80392;48.372787;333.22208;194.1159;1796.4949;168.92328;34.564648;228.7901;133.22424;1198.9182;273.4716;47.10019;353.48645;220.70654;1912.8251;171.66913;39.474937;233.97101;123.515625;1206.1943;57.82881;11.854191;75.36597;40.031982;400.7942;217.38893;24.24069;255.49414;185.43164;1502.5791;0.0;0.0;0.0;0.0;0.0;0.0;0.0;0.0;0.0;0.0;0.0;0.0;0.0;0.0;0.0;
4314100.0;141.768;34.89098;194.5877;94.43994;2393.5703;202.58531;37.18343;272.8294;152.97125;3455.3682;301.911;43.820908;372.51904;240.21521;5085.216;182.24992;36.507713;248.12979;134.98492;3139.7263;410.6178;107.98035;582.30237;260.15997;6956.948;170.08377;28.317589;216.30261;128.59503;2857.3967;83.41407;17.951351;114.279175;56.511993;1420.0104;141.54085;40.890205;215.34296;87.09161;2408.6816;204.13274;49.366676;296.14355;127.03003;3464.03;173.11378;36.512703;238.97266;117.984375;2924.8784;90.163536;29.8788;149.02588;55.778748;1561.2446;243.86115;52.138783;336.86768;141.3037;4101.9756;213.23245;32.98334;273.6211;162.75098;3647.3313;149.0527;34.427002;217.26892;99.38364;2580.1467;148.1759;36.865154;226.4656;102.39746;2576.3062;146.281;29.234674;214.05783;114.612;2551.5503;51.98309;19.86929;88.56792;25.79773;902.0854;202.32883;24.66602;243.45775;154.59871;3369.4863;0.0;0.0;0.0;0.0;0.0;0.0;0.0;0.0;0.0;0.0;0.0;0.0;0.0;0.0;0.0;
4316907.0;73.80015;31.522726;141.28918;35.191498;2296.3047;289.56305;59.218735;389.0983;190.85962;8929.347;205.13998;67.74405;352.70175;107.84152;6433.323;164.9691;49.48895;271.35315;102.48941;5141.5225;343.7879;95.26134;541.5603;202.16638;10786.743;99.4002;32.366405;164.7073;53.82956;3046.3413;168.82446;47.186737;263.2874;112.098114;5351.3145;155.40692;36.785137;234.42947;96.845276;4847.096;216.2839;42.2165;302.01038;152.25278;6705.7656;76.43724;21.855957;126.14807;47.38736;2411.6821;80.85549;27.136442;137.4041;45.91281;2553.7778;141.42651;44.687122;246.40225;87.473114;4549.8496;217.09856;56.22361;350.50665;158.76736;6803.6465;173.04245;53.62801;287.9314;107.56891;5365.7563;268.84564;79.80759;445.97668;165.38672;8477.886;144.8677;50.028095;241.31558;75.03461;4496.514;59.978443;17.292305;94.13342;35.72455;1826.6158;226.073;50.112236;319.91016;144.71582;6898.6743;0.0;0.0;0.0;0.0;0.0;0.0;0.0;0.0;0.0;0.0;0.0;0.0;0.0;0.0;0.0;
3536505.0;114.46439;46.146347;184.4076;70.55957;692.69653;275.50195;105.661674;407.29883;142.23547;1595.8961;159.14243;74.36955;233.20703;43.171204;825.53735;220.20834;84.09206;351.0686;133.29816;1365.6162;319.9808;137.1217;471.6831;143.72974;1789.7495;320.48956;94.245445;432.41504;195.51074;1865.9927;144.55263;60.436615;236.42358;76.01041;908.27747;161.79398;77.81908;278.36035;75.34473;1000.3435;336.11838;133.99446;526.08203;193.03659;2060.7175;249.20073;77.40832;342.6703;152.58264;1465.7671;192.45326;75.24987;293.9546;108.112305;1138.1362;250.95474;102.51683;364.33057;120.54059;1434.3301;239.67584;121.98287;389.29297;96.0376;1387.4924;92.05461;55.530624;194.28394;55.11621;664.88544;256.82828;122.33981;401.68848;122.79657;1507.2747;104.155815;38.56435;174.24445;68.029144;686.77344;197.64809;63.236446;263.70508;101.98291;1195.8838;297.2904;25.75704;320.6297;260.0763;1759.551;0.0;0.0;0.0;0.0;0.0;0.0;0.0;0.0;0.0;0.0;0.0;0.0;0.0;0.0;0.0;
1700707.0;217.52164;95.32308;389.7744;87.54837;4597.5244;232.41953;79.43479;381.06738;111.79297;4873.793;95.77222;51.52816;204.36823;37.145233;2041.686;125.42039;33.6404;181.04602;70.827225;2658.4124;110.4594;28.456678;155.78168;65.62988;2282.8174;521.7206;67.53191;661.4851;417.5678;11099.355;131.41974;46.329514;217.1326;69.580475;2870.354;206.71544;74.32894;336.90088;93.74921;4327.7393;142.4372;59.175083;257.60376;66.064285;3030.2969;232.55783;63.652348;351.7613;138.15152;4960.9663;232.00775;94.92034;418.8904;103.52411;4972.4316;238.71503;74.29715;373.49887;118.38052;4931.537;246.69595;85.902084;389.33276;121.50403;5224.585;253.36426;91.253914;415.72778;142.78569;5515.459;110.536835;56.365814;218.82217;55.247437;2417.414;224.48817;71.60254;344.52493;114.26846;4634.4805;142.05228;54.8501;244.79395;59.058594;3028.1162;302.5119;86.98028;464.29373;177.69098;6368.4478;0.0;0.0;0.0;0.0;0.0;0.0;0.0;0.0;0.0;0.0;0.0;0.0;0.0;0.0;0.0;