Código Município;Tmax_sd2014/11/01;Tmax_mean2014/11/01;Tmax_max2014/11/01;Tmax_min2014/11/01;Tmax_sd2014/12/01;Tmax_mean2014/12/01;Tmax_max2014/12/01;Tmax_min2014/12/01;Tmax_sd2015/01/01;Tmax_mean2015/01/01;Tmax_max2015/01/01;Tmax_min2015/01/01;Tmax_sd2015/11/01;Tmax_mean2015/11/01;Tmax_max2015/11/01;Tmax_min2015/11/01;Tmax_sd2015/12/01;Tmax_mean2015/12/01;Tmax_max2015/12/01;Tmax_min2015/12/01;Tmax_sd2016/01/01;Tmax_mean2016/01/01;Tmax_max2016/01/01;Tmax_min2016/01/01;Tmax_sd2016/11/01;Tmax_mean2016/11/01;Tmax_max2016/11/01;Tmax_min2016/11/01;Tmax_sd2016/12/01;Tmax_mean2016/12/01;Tmax_max2016/12/01;Tmax_min2016/12/01;Tmax_sd2017/01/01;Tmax_mean2017/01/01;Tmax_max2017/01/01;Tmax_min2017/01/01;Tmax_sd2017/11/01;Tmax_mean2017/11/01;Tmax_max2017/11/01;Tmax_min2017/11/01;Tmax_sd2017/12/01;Tmax_mean2017/12/01;Tmax_max2017/12/01;Tmax_min2017/12/01;Tmax_sd2018/01/01;Tmax_mean2018/01/01;Tmax_max2018/01/01;Tmax_min2018/01/01;Tmax_sd2018/11/01;Tmax_mean2018/11/01;Tmax_max2018/11/01;Tmax_min2018/11/01;Tmax_sd2018/12/01;Tmax_mean2018/12/01;Tmax_max2018/12/01;Tmax_min2018/12/01;Tmax_sd2019/01/01;Tmax_mean2019/01/01;Tmax_max2019/01/01;Tmax_min2019/01/01;Tmax_sd2019/11/01;Tmax_mean2019/11/01;Tmax_max2019/11/01;Tmax_min2019/11/01;Tmax_sd2019/12/01;Tmax_mean2019/12/01;Tmax_max2019/12/01;Tmax_min2019/12/01;Tmax_sd2020/01/01;Tmax_mean2020/01/01;Tmax_max2020/01/01;Tmax_min2020/01/01;Tmax_sd2020/11/01;Tmax_mean2020/11/01;Tmax_max2020/11/01;Tmax_min2020/11/01;Tmax_sd2020/12/01;Tmax_mean2020/12/01;Tmax_max2020/12/01;Tmax_min2020/12/01;Tmax_sd2021/01/01;Tmax_mean2021/01/01;Tmax_max2021/01/01;Tmax_min2021/01/01;
2919553.0;15.757587;941.34247;985.0469;916.0156;13.933499;920.4477;966.6719;900.0625;13.418449;990.7463;1032.6719;969.5625;14.256624;999.9241;1050.8438;980.5469;14.508005;1039.9255;1100.1562;1022.9844;13.646734;876.38257;923.46875;857.5;11.744803;957.6653;1003.8125;941.3281;14.307817;965.74854;1018.2656;946.4375;15.242792;971.79675;1017.3906;945.7031;15.686541;927.42365;978.125;905.6094;15.179375;932.887;967.0;904.4844;18.759552;929.8638;976.96875;898.6406;15.498129;905.6001;949.0625;881.3281;14.194459;909.52704;953.53125;887.2344;14.13811;970.5065;1021.34375;951.3594;18.684662;997.09106;1035.7812;962.2969;20.701843;1020.5331;1058.8438;982.0469;14.421215;937.6359;980.03125;913.21875;0.0;0.0;0.0;0.0;0.0;0.0;0.0;0.0;0.0;0.0;0.0;0.0;
5217609.0;24.085028;871.42194;933.4531;823.90625;25.747524;856.08405;917.9844;806.90625;24.349558;957.1504;1019.15625;909.5469;24.220387;958.1186;1019.7969;910.1406;23.765163;968.00745;1032.4062;920.5469;26.98975;860.9886;921.1406;810.5625;24.281866;865.957;926.21875;819.25;25.650898;915.3498;974.90625;868.8125;24.227245;932.4991;995.4375;885.375;26.054089;855.61346;917.4219;807.0156;25.736164;872.48846;938.0;823.1719;25.421751;907.1398;966.6875;861.7031;27.57104;834.34106;892.875;786.7656;30.28523;916.17065;978.1875;865.6406;25.39363;948.3018;1009.6406;901.375;23.810005;934.2387;994.65625;887.65625;25.524279;936.2129;998.4844;886.75;25.964596;904.2674;965.4219;855.625;0.0;0.0;0.0;0.0;0.0;0.0;0.0;0.0;0.0;0.0;0.0;0.0;
5201108.0;14.995629;888.08075;924.75;875.0;15.134684;867.3417;904.4844;854.0156;17.470177;972.72375;1015.34375;957.5625;14.836212;950.0533;986.78125;937.3281;15.159144;957.39856;993.4375;943.5781;14.51886;858.15515;893.3281;844.34375;13.276112;859.28955;891.0;847.25;14.488232;918.1276;952.03125;904.4219;13.867284;918.048;950.0781;904.5156;15.478308;879.1403;916.0156;864.7656;16.881207;878.2178;918.4844;861.3281;15.024583;911.3856;947.1875;897.4375;14.649482;837.4773;871.8906;822.9844;15.823001;923.93164;963.4531;911.4219;17.145744;956.74023;998.75;941.625;17.286793;935.24084;977.5625;919.8594;15.554484;935.6437;971.75;920.5625;15.624305;908.4197;946.8594;893.8906;0.0;0.0;0.0;0.0;0.0;0.0;0.0;0.0;0.0;0.0;0.0;0.0;
5208707.0;11.117622;938.84814;949.875;907.6875;11.36848;918.80676;930.4531;887.25;12.52146;1032.3983;1044.2812;997.3281;10.921459;999.71716;1010.7344;969.0;11.394755;1005.52625;1017.03125;973.6094;10.938249;907.2714;918.71875;877.28125;10.367804;899.251;910.1875;870.9844;11.68929;966.2547;977.96875;934.2969;10.921543;961.78986;973.21875;931.5;11.376413;930.2075;941.71875;898.3906;11.687988;932.9592;945.0;900.90625;11.497122;959.6367;971.21875;927.8594;10.649046;883.8129;895.0625;854.125;11.569759;978.3632;990.21875;946.3125;12.32671;1014.619;1026.5;980.34375;10.836766;990.4973;1001.9844;960.28125;11.154575;984.8514;996.6094;953.2969;10.852984;959.88403;971.53125;929.8281;0.0;0.0;0.0;0.0;0.0;0.0;0.0;0.0;0.0;0.0;0.0;0.0;
5211909.0;20.504702;913.3351;955.5156;859.3125;24.003809;921.6427;968.875;852.3594;21.236422;1009.01215;1059.8906;957.8281;21.750736;958.0697;1004.71875;904.6406;20.024118;970.2544;1015.34375;921.3281;24.175077;923.93115;972.53125;855.65625;21.190844;902.0252;949.875;849.2969;21.60286;936.48816;989.0;885.7969;20.799786;918.1336;966.5469;868.21875;19.596642;923.0266;963.375;873.5;26.054098;918.5133;976.15625;851.4531;22.146635;924.8178;974.3125;872.5156;24.00086;880.4492;926.9375;816.3906;24.202381;964.40424;1020.21875;906.84375;22.0125;974.7724;1028.7188;930.5781;23.807144;956.7011;1005.15625;894.8281;20.760155;958.63837;1003.5;909.0781;22.19525;955.9309;1005.5;906.8594;0.0;0.0;0.0;0.0;0.0;0.0;0.0;0.0;0.0;0.0;0.0;0.0;
5218805.0;23.531654;910.5457;963.46875;857.65625;24.186699;901.48615;954.3594;846.4375;22.476639;995.8616;1050.75;952.6406;24.656189;959.18536;1012.4844;903.125;20.683939;956.8164;1008.2344;918.4219;22.405148;904.4666;954.59375;850.125;21.342615;891.1018;941.53125;847.2031;22.002312;922.8241;976.8906;881.96875;20.897144;904.766;955.375;864.28125;19.988195;910.53516;958.125;870.875;27.09999;909.46375;975.3281;849.875;24.236044;917.72253;976.8281;870.7344;23.567045;873.64;924.2031;815.0469;24.869162;956.2675;1015.59375;904.03125;22.6379;975.6487;1028.1562;930.7031;23.7671;947.28046;1002.5781;894.8281;21.393684;951.09796;1000.7969;908.0;23.947357;946.6238;1002.0625;900.3281;0.0;0.0;0.0;0.0;0.0;0.0;0.0;0.0;0.0;0.0;0.0;0.0;
5219738.0;10.136194;933.56866;944.3125;919.40625;10.553629;913.3633;924.3281;898.4844;11.449974;1025.5798;1037.6719;1009.2344;9.965212;994.80615;1005.3125;980.9531;9.964003;1000.6688;1011.28125;987.0469;10.507183;901.6905;912.6094;886.7656;8.908256;895.61017;905.2344;884.0;10.164476;960.97394;971.9219;947.2969;9.467785;957.35333;967.5781;944.7969;10.147124;924.8458;935.5625;910.6719;11.076279;927.0856;938.375;911.2031;10.393013;954.1998;965.25;939.75;9.412832;879.5762;889.2656;866.6719;10.797438;972.65796;983.8281;957.2344;11.330321;1008.1435;1019.9375;992.0;10.851062;985.77527;995.84375;969.6406;9.829525;980.4386;990.46875;966.8594;10.584567;954.9692;965.5469;939.84375;0.0;0.0;0.0;0.0;0.0;0.0;0.0;0.0;0.0;0.0;0.0;0.0;
5220264.0;12.701996;898.23834;920.5625;876.34375;13.082801;876.70593;901.21875;855.96875;14.678189;980.14264;1006.1719;956.5625;12.820119;962.2217;984.90625;941.25;12.517681;960.8741;983.90625;941.0;13.7749;882.009;908.0625;859.9531;12.597662;873.65497;897.6719;853.8125;12.916804;926.7263;950.9219;906.1094;12.791255;926.5318;949.4844;906.21875;12.148079;882.96545;905.8906;865.28125;14.472408;892.98444;919.84375;869.96875;13.042437;918.8396;942.0781;898.2969;12.607701;846.12933;870.46875;826.3281;14.548912;937.52606;964.6875;914.3594;13.075302;966.0874;989.0781;944.8906;17.043657;942.9512;974.21875;916.8594;13.773122;936.6424;962.4219;914.84375;13.289112;924.70013;949.6719;903.0469;0.0;0.0;0.0;0.0;0.0;0.0;0.0;0.0;0.0;0.0;0.0;0.0;
5220454.0;15.976479;936.8653;949.2344;907.6875;16.304852;917.444;929.7344;887.25;17.268936;1028.7268;1042.6094;997.3281;15.842943;998.09894;1010.1094;969.0;16.341448;1003.54205;1016.25;973.6094;16.407085;906.70703;919.8594;877.28125;15.532499;898.73486;911.0625;870.9844;16.663815;964.1031;977.5;934.2969;16.043755;960.7588;973.1875;931.5;15.987123;928.0186;940.53125;898.4531;16.543764;931.3662;944.1094;900.90625;16.48912;957.7698;970.7031;927.8594;15.637232;882.9598;894.9531;854.125;16.46853;976.6886;989.1094;946.3125;17.124615;1011.461;1024.9688;980.34375;15.604096;990.5385;1001.46875;960.28125;16.141657;983.7437;996.0;953.2969;16.050375;959.8779;971.75;929.8281;0.0;0.0;0.0;0.0;0.0;0.0;0.0;0.0;0.0;0.0;0.0;0.0;
5220603.0;15.440457;888.9005;930.6094;856.2031;15.25337;866.47754;909.0;834.90625;15.205299;964.343;1017.2969;937.4531;14.363864;951.53406;993.34375;922.78125;14.214035;952.4902;997.15625;926.5781;14.805726;871.34;906.8906;839.0781;16.641306;866.4328;905.0781;830.625;14.534251;918.2223;960.46875;889.78125;16.689747;919.1889;964.4375;884.7969;16.76219;873.05914;920.7969;837.4375;16.147451;879.7618;925.59375;847.03125;15.44046;908.9853;955.6094;877.9219;17.104256;835.7712;879.4219;801.7031;15.672897;921.9977;968.1875;890.6719;15.068313;952.9011;1002.0;924.4219;16.630037;925.01447;978.7344;896.71875;16.526161;925.67365;975.6875;894.90625;15.851399;913.6779;955.5625;880.2969;0.0;0.0;0.0;0.0;0.0;0.0;0.0;0.0;0.0;0.0;0.0;0.0;
3170206.0;17.705328;897.88403;942.8594;865.21875;18.452295;893.9633;936.625;863.4531;16.678816;1008.74384;1049.0625;979.0781;18.94066;949.06537;997.5156;908.6094;17.741508;954.80316;1002.71875;922.0156;17.970657;900.7002;946.7656;864.6406;19.417652;881.33374;925.9844;841.7656;17.658545;941.50616;985.0;907.2969;19.511406;931.84875;979.4375;888.8125;19.133553;877.9965;925.0781;840.7344;18.75106;920.9376;964.96875;882.90625;17.327543;935.1458;977.3125;899.4219;18.580635;852.0818;896.3125;814.7031;19.619802;952.7142;999.2031;914.4375;18.066288;979.4113;1023.375;944.0;21.679346;940.2845;992.7031;894.4219;18.40526;938.56195;984.3906;899.6406;18.85936;943.3426;990.8594;902.3125;0.0;0.0;0.0;0.0;0.0;0.0;0.0;0.0;0.0;0.0;0.0;0.0;
5000609.0;14.844707;926.16986;958.5156;900.6406;17.83193;973.31647;1011.25;942.7031;14.129203;1031.5854;1063.1406;1006.4375;15.643535;906.55334;937.9375;876.5781;12.041595;956.2232;983.6406;933.84375;13.779662;994.57434;1027.3125;970.4531;12.635344;943.615;972.125;919.8125;13.443862;953.2499;982.0625;928.6094;12.649712;1021.00104;1048.7188;998.1719;16.595915;908.15826;943.2031;878.1719;16.064512;959.7907;993.5156;930.625;15.576879;952.8351;986.1094;924.3594;12.86705;916.8799;944.3125;890.6875;16.150068;1020.69116;1055.125;989.2344;14.085265;1050.742;1080.1719;1022.0156;16.72838;1011.30457;1043.7344;975.59375;18.237438;963.6627;1000.5781;928.65625;12.324086;997.8395;1024.5781;974.6094;0.0;0.0;0.0;0.0;0.0;0.0;0.0;0.0;0.0;0.0;0.0;0.0;
5002209.0;27.725187;942.0867;985.28125;886.6406;27.128738;981.1834;1024.4688;926.3281;28.460176;1044.4734;1088.9062;989.1719;30.975382;969.3334;1021.375;913.90625;30.477064;1002.7621;1055.875;948.9531;28.207832;982.89014;1028.5469;926.1406;29.348925;966.75793;1014.8281;910.2969;28.403282;978.58276;1025.4219;923.2969;24.80392;1017.9127;1057.2656;967.5625;28.284584;937.5187;985.78125;882.3906;29.19634;969.7578;1018.84375;913.8125;28.730488;974.65656;1022.6875;918.53125;25.792854;946.6692;986.1719;892.3281;27.076965;1034.1868;1075.5469;977.15625;24.75015;1059.3405;1094.7031;1006.7031;25.657866;1032.5376;1069.4219;978.78125;26.499983;992.34827;1030.1562;935.7969;26.477234;1019.15466;1055.2812;960.7969;0.0;0.0;0.0;0.0;0.0;0.0;0.0;0.0;0.0;0.0;0.0;0.0;
5006606.0;23.926584;904.8373;966.4531;865.4531;21.233665;943.1663;998.6094;909.4844;23.687037;996.13196;1056.9375;956.46875;25.05331;910.26764;972.71875;870.4531;22.012442;940.8317;1000.5;906.25;20.7013;954.3763;1013.8594;923.1094;24.637363;926.425;988.625;886.34375;22.745523;933.5843;995.9844;897.2344;21.13602;983.67737;1042.2031;949.15625;22.531574;899.8656;957.28125;863.96875;19.740385;930.4645;984.25;899.03125;21.58557;922.77893;980.0469;889.9531;24.584429;888.0047;951.5625;852.9219;20.17422;985.5112;1035.6562;952.71875;21.942802;1009.24945;1067.5312;976.2656;24.946808;986.5701;1047.6562;949.0625;24.472488;941.4774;1000.2344;901.5781;22.406944;968.83014;1018.3594;930.1719;0.0;0.0;0.0;0.0;0.0;0.0;0.0;0.0;0.0;0.0;0.0;0.0;
5002704.0;17.987396;933.74915;978.21875;896.7969;21.315617;959.76544;1011.25;917.1719;21.561264;1013.9676;1064.4688;968.875;22.026083;954.19934;1002.7656;904.8125;22.04554;972.00604;1021.5781;925.3906;21.022583;953.8806;1006.90625;911.7031;21.225204;948.60803;999.2656;906.7031;21.539349;957.20294;1007.03125;912.9531;21.08689;975.34924;1022.28125;931.4531;18.012072;926.8096;973.1406;891.1875;19.185892;947.5651;999.5156;911.5469;17.560286;949.70905;996.59375;914.34375;20.420698;921.9848;966.4531;877.6875;21.5002;1017.1577;1068.6094;972.8125;22.732738;1026.2723;1075.9531;978.2031;18.58142;1001.24146;1047.0781;963.4375;21.290722;980.22034;1025.4375;935.3906;22.830408;1004.8447;1053.4844;955.9375;0.0;0.0;0.0;0.0;0.0;0.0;0.0;0.0;0.0;0.0;0.0;0.0;
5002951.0;25.202566;896.4976;950.9219;859.6719;28.202667;924.75635;989.03125;883.2344;29.404257;1004.35;1072.75;965.78125;24.39026;960.0485;1014.5625;925.7031;24.54825;971.61597;1024.6406;935.0469;29.334816;916.39545;981.6406;874.21875;28.013927;908.39246;972.9375;869.84375;28.155754;952.855;1017.34375;914.875;25.327566;925.982;979.3125;887.6406;23.727179;918.67944;968.5469;882.84375;26.859148;935.6069;994.6094;898.4531;25.575832;937.5453;993.6719;900.7969;24.584362;893.7515;947.78125;857.65625;31.81168;969.02;1043.0312;926.6719;31.522217;978.0133;1053.5469;936.8906;28.28889;954.0626;1018.4844;915.71875;23.675186;972.7544;1022.0156;936.34375;26.16076;978.1484;1036.9531;941.4844;0.0;0.0;0.0;0.0;0.0;0.0;0.0;0.0;0.0;0.0;0.0;0.0;
5005400.0;19.090815;931.4772;976.65625;896.5781;19.396769;962.6085;1007.4531;927.4375;19.360588;1022.9755;1066.1094;983.25;22.359604;954.1026;1001.3594;906.9375;20.237411;965.31586;1014.8281;930.4531;20.631567;959.41437;1012.0469;926.0469;18.979801;949.55927;997.46875;916.21875;19.277515;957.56165;1004.59375;919.1719;18.802946;995.2442;1038.9062;956.7969;19.094622;925.6623;972.2969;890.46875;19.018747;942.50195;992.0625;908.7031;19.402472;944.31854;994.90625;910.9844;21.29755;911.437;962.7031;872.2656;18.57466;1009.31494;1051.6875;971.75;18.471498;1022.74475;1071.5625;990.4219;21.47731;1008.6409;1056.6406;968.0156;23.18907;962.848;1015.2031;922.875;22.209938;983.8494;1028.9844;941.9531;0.0;0.0;0.0;0.0;0.0;0.0;0.0;0.0;0.0;0.0;0.0;0.0;
5005707.0;12.370565;939.5181;964.2344;919.2969;14.470873;1004.23804;1035.1406;983.3281;13.857125;1052.1464;1079.5;1030.0781;11.616226;913.47534;938.65625;892.875;12.959506;973.366;998.53125;951.3281;13.15184;1006.1526;1032.2656;984.625;12.105676;959.6936;984.03125;939.3281;13.522636;971.02484;998.53125;949.59375;9.735954;1022.1733;1043.9375;1005.625;10.471561;918.0192;940.8125;899.4844;11.483561;968.8771;993.5;950.0;10.202441;968.44977;989.84375;950.84375;10.735709;928.84686;950.2969;908.75;12.497887;1040.8751;1068.3281;1019.2969;13.658958;1065.2437;1092.8438;1041.1094;12.728106;1007.1846;1035.7812;983.2031;11.722589;971.9253;997.4375;952.4375;10.534359;1011.3471;1033.7188;992.2969;0.0;0.0;0.0;0.0;0.0;0.0;0.0;0.0;0.0;0.0;0.0;0.0;
5007695.0;36.097042;888.4757;956.625;838.4219;25.958782;950.0537;995.8281;908.8594;33.771107;1010.52344;1076.1406;959.9219;32.701786;959.7412;1019.15625;912.03125;36.639107;982.86096;1056.125;930.6875;30.957916;939.95184;998.5469;895.1094;25.998518;948.2278;994.59375;909.0156;32.05936;949.2001;1008.15625;903.1719;28.943577;949.4145;1004.125;906.7656;29.776058;937.69653;991.75;894.0;31.21167;952.10077;1010.0;906.7969;30.856047;958.968;1016.5469;913.75;27.34169;913.7093;959.6875;872.65625;29.962372;993.561;1041.0469;951.96875;28.070675;999.63275;1043.8438;959.28125;27.375324;968.9216;1015.25;929.4844;31.438812;965.0678;1020.1719;920.2344;28.574255;987.12103;1036.875;943.46875;0.0;0.0;0.0;0.0;0.0;0.0;0.0;0.0;0.0;0.0;0.0;0.0;
5102637.0;16.771646;931.35767;979.03125;900.5;17.494034;915.2367;964.7656;885.3594;15.118395;962.9813;1000.78125;933.2344;16.320179;982.906;1028.125;951.3281;15.778689;993.19135;1045.4844;967.125;13.378613;929.44116;970.53125;904.9219;17.728098;919.20996;974.3281;886.9531;14.706736;899.8962;945.75;874.625;13.685781;931.46313;972.59375;906.03125;12.136995;951.6304;983.65625;925.0469;12.562697;928.2318;964.2344;903.125;14.207105;938.6264;982.1406;912.4375;14.372684;911.8133;953.59375;882.0156;12.684461;931.52856;971.3125;907.78125;13.705393;939.772;980.9844;915.34375;14.662753;937.54425;982.9844;913.5469;18.010826;954.9464;1009.25;922.9219;17.971035;977.73804;1042.3906;949.46875;0.0;0.0;0.0;0.0;0.0;0.0;0.0;0.0;0.0;0.0;0.0;0.0;
5102678.0;19.215008;909.4079;964.53125;876.6094;17.833834;899.30426;951.75;867.75;19.012947;948.2502;1009.5625;920.6094;26.969782;958.725;1038.0;918.9531;23.433863;974.77484;1049.9219;941.2969;19.507723;896.68365;957.65625;864.7031;17.933908;878.93225;928.6719;850.1406;17.329771;910.631;961.25;879.4375;17.114614;923.7448;974.6406;894.0469;19.283978;913.74976;965.8906;881.7031;20.853477;893.0687;954.2656;862.0781;19.012215;912.2984;968.8906;880.8594;16.95332;885.43744;935.4531;856.8281;18.376707;947.6938;1003.0625;915.2031;18.81883;958.68207;1017.0156;925.7969;18.611017;917.17566;965.8594;888.6094;18.367813;940.6521;990.0469;911.5;17.727892;948.2346;997.7344;919.7656;0.0;0.0;0.0;0.0;0.0;0.0;0.0;0.0;0.0;0.0;0.0;0.0;
5103502.0;25.886368;958.26416;1016.9375;909.09375;26.783617;939.697;1001.7656;889.7969;24.940847;985.84503;1042.8594;937.8906;24.396507;1007.7837;1062.5312;958.0469;25.889835;1025.9039;1081.9688;975.25;24.9897;943.00287;1004.4531;901.9844;23.480148;934.152;990.0625;891.6719;28.386934;929.05994;992.2031;880.21875;24.76573;953.24554;1014.375;912.2031;24.305254;972.226;1033.125;932.78125;27.223246;952.4007;1012.4531;904.9219;22.578588;959.6834;1013.6719;919.25;29.783812;932.45245;999.0156;881.78125;29.078527;967.2448;1030.2656;917.1406;28.683994;972.3296;1036.1562;923.2656;30.63711;977.4683;1045.125;922.8594;27.979782;986.68524;1051.4844;929.7969;25.431576;1007.9943;1067.3438;960.3594;0.0;0.0;0.0;0.0;0.0;0.0;0.0;0.0;0.0;0.0;0.0;0.0;
5105259.0;7.7245407;971.9001;990.40625;959.875;10.206166;950.9424;974.8125;933.9375;9.175572;999.39374;1020.2031;985.1406;12.289339;1021.72784;1046.625;999.96875;8.260647;1040.8942;1060.7344;1028.1562;11.306471;943.7417;970.3281;925.2656;8.933013;958.1442;980.7969;943.7344;10.006367;933.3098;955.09375;915.375;10.953978;963.92316;988.4844;946.03125;8.528677;964.2671;984.0625;950.9219;8.935429;941.995;963.2656;926.25;8.897582;970.17267;991.84375;956.5625;10.805466;932.4821;957.8906;914.65625;8.202508;959.2034;979.0156;946.3906;7.62563;980.9946;998.4375;967.75;8.246014;972.94836;991.34375;960.0625;12.3536;996.0229;1025.2344;978.53125;15.661165;1004.36786;1043.0156;981.71875;0.0;0.0;0.0;0.0;0.0;0.0;0.0;0.0;0.0;0.0;0.0;0.0;
5106224.0;16.037558;970.9584;1006.53125;931.6719;16.734287;950.0668;988.1406;905.84375;14.687488;998.204;1028.8906;956.78125;15.202073;1024.4592;1056.2188;985.6719;13.9259405;1041.9563;1071.875;1005.4531;15.603866;944.1546;984.09375;907.6094;16.35409;952.6787;986.1875;908.84375;16.90642;934.45435;976.0156;902.15625;15.265594;958.97205;998.34375;925.6875;15.73656;968.1078;1009.84375;933.6094;16.812061;951.63763;991.5;914.25;15.442727;966.7196;1001.2656;929.4844;18.364658;933.1709;980.40625;894.1719;18.155466;966.40173;1010.6406;931.5;15.225498;979.08826;1017.7656;946.8281;15.488844;982.2554;1021.0781;943.7344;19.24898;1000.1639;1044.5938;952.0625;23.428461;1010.7637;1068.1562;956.65625;0.0;0.0;0.0;0.0;0.0;0.0;0.0;0.0;0.0;0.0;0.0;0.0;
5106257.0;20.311462;1003.5676;1031.9844;941.9844;21.317804;962.8546;995.90625;904.0156;24.954159;1053.356;1087.7969;987.5625;22.027163;1074.0148;1104.9531;1014.46875;22.536407;1086.5619;1120.3281;1023.0781;21.09533;971.6499;1000.2344;911.8281;21.784037;1017.32556;1045.1094;942.78125;21.79731;1007.3778;1037.7656;947.2969;22.66668;1028.543;1059.8281;962.2344;24.37332;998.50586;1034.6562;932.5625;22.548977;984.3324;1016.9531;916.71875;23.884035;1010.3652;1045.0781;939.3125;21.98224;957.61426;991.0469;898.5;22.934542;1021.8302;1053.6406;962.7969;22.569206;1055.8167;1087.5156;994.28125;23.199524;1005.3248;1044.5469;949.0156;20.736399;1014.199;1048.5625;954.0;20.185984;997.3647;1029.0;945.8281;0.0;0.0;0.0;0.0;0.0;0.0;0.0;0.0;0.0;0.0;0.0;0.0;
5106372.0;27.585358;968.34796;1012.21875;916.1875;29.220602;952.41797;999.7031;897.5;28.458708;1020.9367;1068.4688;968.0;28.059437;1003.8078;1048.7188;951.625;26.872154;1035.1147;1078.7656;982.65625;30.234116;966.791;1016.53125;912.7031;26.82624;943.4469;984.2344;893.9531;27.287529;967.53973;1012.8125;917.59375;30.068539;968.4535;1017.9375;914.40625;28.83882;974.02515;1019.9844;921.2969;27.669476;955.90656;1004.2344;905.3281;30.62692;976.86743;1024.7969;920.5625;27.270542;932.9196;975.9375;882.1875;28.252867;994.8633;1041.3594;942.5469;28.419695;1023.1739;1066.9375;969.15625;30.08192;996.5192;1045.0;940.2969;30.65343;1017.91345;1063.7031;960.2031;31.991863;1035.4779;1081.5625;977.3594;0.0;0.0;0.0;0.0;0.0;0.0;0.0;0.0;0.0;0.0;0.0;0.0;
5107040.0;20.271013;933.35016;981.9844;895.5625;21.190807;911.7087;962.84375;873.5781;19.294214;963.3513;1013.25;929.03125;23.05755;982.02344;1031.8594;937.5625;18.6504;999.13763;1046.5625;964.9844;20.1279;911.89404;961.6875;875.34375;19.589172;899.9314;955.3594;866.3281;20.673746;914.221;969.2969;878.4375;20.835438;931.5643;986.2344;895.21875;19.262806;924.86554;972.3281;890.4531;20.111876;898.85205;946.21875;863.2969;17.885448;924.98254;967.3125;891.25;16.589193;889.84247;929.5;857.9219;16.754503;947.68976;986.3281;914.5625;16.54109;969.2164;1007.75;935.8125;23.249393;937.5645;1000.8125;900.1719;20.609999;963.76263;1013.28125;927.15625;23.28646;965.3844;1016.875;926.3906;0.0;0.0;0.0;0.0;0.0;0.0;0.0;0.0;0.0;0.0;0.0;0.0;
5107065.0;10.230442;990.27295;1017.2656;965.3125;9.549565;956.4744;982.3594;936.625;9.564361;1007.52985;1030.75;984.1406;10.988162;1041.3163;1060.6875;1014.4375;10.499453;1059.3243;1082.2656;1036.8594;11.998165;940.20917;965.84375;913.84375;9.721735;1001.09454;1024.1875;973.7656;11.521147;971.02124;1000.65625;943.0469;10.57129;1008.2004;1029.5469;979.7656;11.127653;973.56396;1000.7031;945.7656;10.870119;961.96375;988.4219;932.71875;9.663338;984.7616;1006.6406;957.2656;13.016503;945.8903;976.5;912.9375;11.94995;982.81946;1005.15625;948.0781;12.9264145;1017.6571;1041.1406;982.75;10.269334;991.3864;1022.9531;962.3281;11.380216;1023.46686;1048.1406;990.375;13.0865135;988.1804;1017.15625;954.0625;0.0;0.0;0.0;0.0;0.0;0.0;0.0;0.0;0.0;0.0;0.0;0.0;
5107875.0;20.78549;930.12494;969.8281;891.0156;21.434967;928.09485;969.9531;886.0156;17.68115;963.2667;1001.9219;927.53125;17.032803;977.8405;1010.65625;944.1875;16.11834;987.4918;1019.0625;955.0625;18.43241;933.75354;973.40625;897.6094;24.31177;932.0061;974.125;883.84375;19.617426;910.61053;950.125;872.9219;18.964188;931.466;968.6719;893.7344;18.3623;938.8928;974.25;899.1406;15.650327;932.30725;965.9219;902.34375;19.10619;937.7652;976.78125;901.6719;19.015095;918.3698;956.2344;881.75;16.531286;929.2004;967.5625;897.8125;18.02326;940.4336;973.28125;901.6875;18.359566;941.5353;977.75;906.0469;21.088102;947.0198;987.2031;904.21875;19.294638;964.7197;1000.90625;925.125;0.0;0.0;0.0;0.0;0.0;0.0;0.0;0.0;0.0;0.0;0.0;0.0;
5107925.0;12.968305;972.3583;995.3906;939.9844;14.850648;945.7634;971.8125;904.84375;14.376576;997.554;1020.09375;957.9844;14.561075;1013.4629;1043.0312;981.6094;10.628827;1036.9207;1058.25;1011.75;15.452662;944.3502;973.0781;907.1875;10.762036;960.36597;979.7969;933.21875;14.492471;939.00006;967.375;905.3906;15.891166;972.27405;1000.4531;933.6875;15.406072;963.3036;989.65625;925.3125;15.931298;939.76843;971.0;903.625;15.474926;970.9835;994.25;928.8594;16.2015;934.4279;959.625;892.1719;17.342058;954.8932;981.4375;909.21875;14.93146;985.5647;1009.5;944.8594;11.372931;972.19635;994.2031;943.7969;12.243046;982.70105;1004.4844;949.96875;16.940687;985.827;1014.4375;940.1719;0.0;0.0;0.0;0.0;0.0;0.0;0.0;0.0;0.0;0.0;0.0;0.0;
4103453.0;17.461535;870.61475;900.4219;848.8281;23.494455;917.26807;952.34375;883.75;20.91528;984.2219;1013.53125;952.125;20.778933;808.41235;844.3906;781.8906;20.89367;872.9555;908.1875;845.4219;17.39718;966.4819;993.3125;942.7969;15.778178;871.36224;897.6094;851.34375;15.053633;875.5948;900.8125;856.4844;12.763178;935.5064;954.53125;917.6094;13.789333;839.2519;862.3906;821.5156;11.148276;902.44196;920.71875;887.21875;14.877892;882.92535;907.2031;863.9531;12.627634;869.1305;890.1875;852.3281;17.767357;989.18524;1017.96875;965.34375;15.447027;1012.78284;1035.5938;990.4531;16.508232;927.0494;953.0;904.2344;15.784563;897.2286;926.09375;877.8125;14.22286;935.8357;958.5;917.03125;0.0;0.0;0.0;0.0;0.0;0.0;0.0;0.0;0.0;0.0;0.0;0.0;
4104808.0;17.20316;850.49506;895.03125;824.53125;24.462997;876.0034;934.5;842.3906;26.184774;935.07574;993.59375;898.8594;21.009691;781.5176;834.21875;751.4375;19.468748;845.4149;893.2969;816.09375;21.750042;935.39294;990.71875;898.9219;15.719718;852.6958;891.5469;829.3594;19.56453;856.1368;905.0;828.59375;22.297037;918.4857;971.4531;886.40625;17.239893;822.03394;866.2031;796.9844;20.342419;893.1626;947.5;868.2031;19.790136;864.82214;914.6719;836.2656;17.774267;856.1682;903.1094;833.375;17.309929;961.50055;1003.78125;934.0;21.203924;986.8929;1039.2344;953.8906;20.081425;899.1151;949.25;866.75;17.344929;879.0634;922.5156;854.5781;18.9258;917.90173;964.9531;890.4219;0.0;0.0;0.0;0.0;0.0;0.0;0.0;0.0;0.0;0.0;0.0;0.0;
2910503.0;15.688896;904.7746;931.4375;878.8594;15.163616;959.57654;986.0156;933.5469;18.145094;994.8666;1025.9531;963.9844;21.771225;990.55634;1024.5625;949.84375;17.924501;1041.4664;1068.9688;1009.0469;9.445475;1000.4795;1017.09375;984.25;13.357418;961.423;984.1406;939.71875;9.627611;1024.8126;1040.3281;1006.3906;6.3785715;1044.9135;1056.5938;1033.4062;16.834658;921.63544;947.9531;889.59375;21.472752;983.134;1018.5625;943.1406;21.258915;1001.9082;1039.2188;964.9375;13.442499;919.6587;943.3125;894.78125;18.2537;989.45667;1022.4219;956.46875;23.029217;1008.1644;1047.6719;966.65625;22.81258;948.02386;983.03125;904.7344;18.937908;993.39594;1022.4219;957.96875;17.850578;993.0994;1020.75;959.1094;0.0;0.0;0.0;0.0;0.0;0.0;0.0;0.0;0.0;0.0;0.0;0.0;
4107603.0;33.436142;881.1928;935.75;828.03125;34.26881;906.55536;963.0781;851.3594;31.35489;963.553;1016.40625;909.7344;34.30318;824.7834;881.90625;769.1875;35.510235;880.287;941.4531;823.0156;35.630493;924.1318;985.5469;868.7031;32.671833;877.00726;927.53125;824.9375;31.310022;891.692;942.0469;838.0781;33.009205;904.7897;962.28125;849.46875;32.370186;837.1259;890.8281;784.8906;31.712017;881.85675;933.7656;830.34375;32.240723;865.8386;919.5625;812.6719;30.904766;852.583;905.21875;802.71875;30.835644;949.0713;1003.0;897.5625;29.382833;961.2276;1011.4219;910.5469;31.656765;909.564;959.34375;856.9844;36.545406;886.0076;949.5625;828.3281;31.93729;892.7504;947.5781;838.6406;0.0;0.0;0.0;0.0;0.0;0.0;0.0;0.0;0.0;0.0;0.0;0.0;
4109401.0;28.045609;777.5691;855.0469;732.53125;28.958002;798.49414;875.3594;751.5781;27.737253;869.9783;938.84375;822.90625;28.634375;715.82874;791.625;670.47656;27.290606;803.0964;871.0156;757.5469;29.833897;827.46075;909.8906;778.59375;33.19382;761.0864;855.0781;707.375;26.670315;792.4791;870.21875;750.25;24.378023;835.88666;904.7969;797.34375;29.281458;746.8583;828.9844;698.59375;30.518038;801.8459;888.5;755.8281;26.455954;786.53143;861.75;743.625;28.565102;765.1828;848.6406;721.0156;24.464495;889.6345;962.1719;851.65625;23.810518;884.47516;956.3594;847.0625;34.26196;776.9102;873.4219;723.40625;28.320856;805.76;883.15625;760.1094;26.513775;815.3177;891.0156;775.34375;0.0;0.0;0.0;0.0;0.0;0.0;0.0;0.0;0.0;0.0;0.0;0.0;
4113700.0;28.77336;925.1075;958.6094;850.5781;27.110378;946.2456;978.25;876.84375;25.542727;1008.3587;1040.0469;946.65625;26.105555;864.3205;894.9375;796.15625;24.926544;913.95746;943.875;850.6094;27.734198;960.5739;993.8594;891.3125;29.005049;922.8406;956.0469;844.8594;27.330627;942.1228;974.5625;873.1406;24.959856;945.7783;975.46875;883.625;26.854801;884.34045;915.6719;814.9219;27.484789;931.7261;964.3125;862.90625;25.66462;911.4744;941.8906;846.03125;27.517614;901.7556;933.5625;831.3125;24.938;997.0796;1026.5312;936.875;25.139202;1014.08093;1044.7656;952.8281;26.298391;950.18274;981.5;882.7344;26.654078;921.84973;953.9844;855.4531;26.116339;939.84174;972.0469;876.65625;0.0;0.0;0.0;0.0;0.0;0.0;0.0;0.0;0.0;0.0;0.0;0.0;
4115754.0;12.209685;842.4864;858.0625;828.1719;11.481076;865.0689;879.84375;851.65625;13.470954;923.15356;942.9844;909.7344;13.197858;785.9486;804.7344;771.90625;12.546869;836.0834;855.7969;823.2344;10.645833;881.1573;895.25;868.7656;13.733744;840.888;857.8594;825.3906;14.501579;853.8562;873.21875;838.0781;12.609093;863.42865;880.4375;849.46875;13.290978;801.72876;818.4219;786.53125;12.404694;844.2142;859.96875;830.46875;13.781117;827.5235;846.03125;812.71875;12.102166;816.4722;831.9219;802.9375;12.595395;911.1717;927.21875;897.5625;13.611341;925.189;943.7344;910.90625;12.247716;870.90137;886.6094;856.875;11.758362;842.05493;858.0469;829.0;13.225978;853.0995;870.8281;839.0;0.0;0.0;0.0;0.0;0.0;0.0;0.0;0.0;0.0;0.0;0.0;0.0;
4117701.0;22.172523;794.1015;824.71875;746.3281;15.762401;836.64343;863.3906;803.3906;15.303006;904.5254;930.3125;870.5469;19.195253;738.88434;771.21875;700.2031;18.49197;838.2606;870.59375;800.6719;20.48885;854.0612;885.2969;812.09375;25.503242;766.0747;802.6875;711.7656;20.097296;826.1442;856.6406;782.3594;19.624958;880.6434;908.0625;834.96875;26.341177;770.19446;808.1719;712.34375;24.007235;833.56024;870.1875;780.8281;19.08006;828.98865;858.4219;787.0156;28.609655;787.39026;825.0469;723.9844;25.169071;935.08545;967.84375;876.34375;17.251097;940.1799;967.875;901.0469;24.152569;791.6924;824.6875;737.5625;20.624126;836.47235;865.6875;790.5469;18.740517;862.372;893.34375;819.5156;0.0;0.0;0.0;0.0;0.0;0.0;0.0;0.0;0.0;0.0;0.0;0.0;
4119905.0;22.645144;799.2653;835.125;749.625;19.062479;844.85535;885.6406;804.84375;19.603527;909.9515;949.9531;867.84375;22.450108;755.41046;796.5781;706.96875;22.470774;839.9497;883.2969;794.7656;23.705727;859.878;900.0781;810.5156;24.586891;783.24225;822.90625;725.09375;19.93097;837.8209;878.53125;791.3906;19.658016;882.086;919.5625;837.2031;22.965706;785.83984;823.9531;729.0156;22.857653;840.1037;882.9219;788.6875;19.19627;833.1196;870.8906;788.5469;24.861712;797.6963;836.8125;738.1719;21.506727;927.93146;962.59375;876.6094;17.390224;940.72107;980.15625;902.3594;21.966896;804.72614;840.0156;749.59375;21.380651;840.1244;877.8281;792.5156;18.385227;867.19745;905.5625;826.125;0.0;0.0;0.0;0.0;0.0;0.0;0.0;0.0;0.0;0.0;0.0;0.0;
4306973.0;7.9853606;824.02704;839.7344;817.4219;6.999744;851.95245;864.8281;845.9375;6.7611585;867.7701;880.2969;861.59375;11.175668;754.46106;773.125;742.2969;7.9744196;825.3031;840.7031;818.3594;5.8342385;896.4539;907.8906;892.3125;8.805946;814.85504;831.0469;806.78125;7.3557343;853.11536;868.21875;847.875;5.845331;875.77014;886.7969;870.8594;7.161662;778.1122;792.3281;772.65625;7.5220575;902.6826;917.0781;896.2969;8.774088;853.71857;868.9844;845.15625;7.618615;818.2225;832.7344;811.78125;9.869206;903.59766;919.21875;892.9219;11.515425;928.9303;945.75;914.875;8.974097;836.39923;850.8125;826.6406;7.082062;907.8949;922.125;902.8125;7.211562;868.6127;882.0469;862.3281;0.0;0.0;0.0;0.0;0.0;0.0;0.0;0.0;0.0;0.0;0.0;0.0;
4310538.0;17.45449;838.012;868.75;821.2344;18.159973;857.4381;889.15625;839.3594;18.931509;891.5417;923.7031;872.0469;17.018446;712.45605;742.6719;695.4219;18.691826;830.86206;862.9219;811.4844;18.719719;916.6815;949.0469;898.0;15.844819;773.70233;803.1406;757.9219;18.197142;885.0613;916.6875;865.875;18.423504;893.0644;924.7656;873.4375;16.961569;799.12683;829.46875;782.1719;17.963573;916.32544;947.75;897.65625;19.515173;896.78186;928.8906;874.7656;16.488615;821.58765;851.5781;805.3125;17.515177;883.455;914.7031;866.0156;18.16048;908.9841;940.40625;889.7344;16.231714;807.7519;837.5469;791.4375;17.184816;944.0561;975.2344;927.3125;18.232677;910.85095;942.4531;891.4844;0.0;0.0;0.0;0.0;0.0;0.0;0.0;0.0;0.0;0.0;0.0;0.0;
4314100.0;11.540651;841.13605;861.7656;826.1719;11.807302;861.16754;881.9844;845.9531;11.751896;871.3238;892.71875;856.34375;11.094233;758.19336;777.9531;743.21875;10.645531;841.8468;860.6875;827.34375;12.404793;909.94635;932.7344;894.1875;10.21118;824.57733;841.625;810.0156;13.07551;876.5877;901.46875;860.84375;12.251327;882.88104;905.9531;867.9375;11.804229;792.9449;813.4375;777.6406;11.308224;916.3058;936.40625;901.2031;11.815342;859.45953;880.96875;844.1406;11.583577;829.8432;850.40625;814.8281;11.164684;893.9159;913.7656;879.0781;11.647318;908.5389;930.1406;893.34375;11.03471;835.1761;854.09375;820.4375;12.642176;929.68;953.0469;914.0625;12.608892;880.14923;903.71875;864.8594;0.0;0.0;0.0;0.0;0.0;0.0;0.0;0.0;0.0;0.0;0.0;0.0;
4316907.0;20.807848;882.2353;896.9375;822.4844;22.198368;904.25793;921.375;840.71875;22.003448;938.18494;953.3281;874.8281;21.154684;757.249;772.9844;696.3125;22.330288;877.78894;894.5625;814.125;22.4455;964.20557;979.9375;899.9531;21.626928;818.44525;834.7656;758.5;21.92489;931.37103;946.0;868.9219;21.360826;938.6582;951.0625;876.78125;20.433031;843.0021;855.0469;784.0156;22.2584;962.7172;979.34375;900.25;22.58225;943.91235;960.1406;879.6719;20.082888;864.57166;876.84375;806.8125;20.741404;928.0124;940.0156;867.9844;21.294785;954.12573;968.1875;892.96875;20.75006;850.71606;865.4531;792.59375;21.720604;989.9365;1004.2031;928.4844;22.405172;957.75604;973.34375;894.3594;0.0;0.0;0.0;0.0;0.0;0.0;0.0;0.0;0.0;0.0;0.0;0.0;
3536505.0;12.8861685;893.19617;913.3281;878.6875;9.895262;941.94;957.3906;930.7031;8.859255;1021.9517;1036.3125;1012.25;11.94765;880.2193;899.7656;867.7969;9.070985;937.2964;951.75;927.21875;10.723126;931.4379;947.75;919.125;10.753491;872.02936;888.7031;859.8594;8.332915;960.7725;973.375;950.90625;8.327949;928.068;941.0;918.8594;9.694757;876.6157;891.3906;865.8906;9.530444;942.19434;955.8125;930.71875;7.7418637;928.1985;938.9531;918.6719;7.570575;868.7979;879.0;859.21875;6.9335666;982.8834;992.4531;973.6094;6.5101204;1024.3495;1034.0625;1016.96875;9.962862;906.64374;920.875;895.4375;9.689587;935.3313;949.4219;924.2969;8.687645;947.967;961.28125;938.46875;0.0;0.0;0.0;0.0;0.0;0.0;0.0;0.0;0.0;0.0;0.0;0.0;
1700707.0;4.740658;979.60065;987.3281;969.5781;4.597563;974.6616;982.84375;965.59375;5.0197954;1017.44025;1024.9844;1005.9375;6.5779843;1038.4487;1051.5781;1026.9844;4.83604;1095.1512;1104.5781;1086.8125;7.26547;944.76056;959.46875;933.8594;8.08948;1021.2707;1037.3281;1007.7344;6.684409;1005.371;1019.09375;993.28125;7.266232;1013.8258;1028.9844;1001.5;8.049744;976.06213;991.125;962.40625;6.654482;972.3152;985.1406;960.9375;7.3198824;998.6517;1014.8125;988.0156;6.4939275;964.2559;976.1406;953.09375;7.1115584;998.2994;1010.5156;984.53125;7.0632997;1029.2354;1040.9844;1014.59375;8.326164;1016.5363;1032.3125;1003.46875;8.925341;1048.188;1065.3281;1033.375;8.475655;988.3984;1004.8594;973.8906;0.0;0.0;0.0;0.0;0.0;0.0;0.0;0.0;0.0;0.0;0.0;0.0;