CÃ³digo MunicÃ­pio;Tmin_sd2014/11/01;Tmin_min2014/11/01;Tmin_max2014/11/01;Tmin_mean2014/11/01;Tmin_sd2014/12/01;Tmin_min2014/12/01;Tmin_max2014/12/01;Tmin_mean2014/12/01;Tmin_sd2015/01/01;Tmin_min2015/01/01;Tmin_max2015/01/01;Tmin_mean2015/01/01;Tmin_sd2015/11/01;Tmin_min2015/11/01;Tmin_max2015/11/01;Tmin_mean2015/11/01;Tmin_sd2015/12/01;Tmin_min2015/12/01;Tmin_max2015/12/01;Tmin_mean2015/12/01;Tmin_sd2016/01/01;Tmin_min2016/01/01;Tmin_max2016/01/01;Tmin_mean2016/01/01;Tmin_sd2016/11/01;Tmin_min2016/11/01;Tmin_max2016/11/01;Tmin_mean2016/11/01;Tmin_sd2016/12/01;Tmin_min2016/12/01;Tmin_max2016/12/01;Tmin_mean2016/12/01;Tmin_sd2017/01/01;Tmin_min2017/01/01;Tmin_max2017/01/01;Tmin_mean2017/01/01;Tmin_sd2017/11/01;Tmin_min2017/11/01;Tmin_max2017/11/01;Tmin_mean2017/11/01;Tmin_sd2017/12/01;Tmin_min2017/12/01;Tmin_max2017/12/01;Tmin_mean2017/12/01;Tmin_sd2018/01/01;Tmin_min2018/01/01;Tmin_max2018/01/01;Tmin_mean2018/01/01;Tmin_sd2018/11/01;Tmin_min2018/11/01;Tmin_max2018/11/01;Tmin_mean2018/11/01;Tmin_sd2018/12/01;Tmin_min2018/12/01;Tmin_max2018/12/01;Tmin_mean2018/12/01;Tmin_sd2019/01/01;Tmin_min2019/01/01;Tmin_max2019/01/01;Tmin_mean2019/01/01;Tmin_sd2019/11/01;Tmin_min2019/11/01;Tmin_max2019/11/01;Tmin_mean2019/11/01;Tmin_sd2019/12/01;Tmin_min2019/12/01;Tmin_max2019/12/01;Tmin_mean2019/12/01;Tmin_sd2020/01/01;Tmin_min2020/01/01;Tmin_max2020/01/01;Tmin_mean2020/01/01;Tmin_sd2020/11/01;Tmin_min2020/11/01;Tmin_max2020/11/01;Tmin_mean2020/11/01;Tmin_sd2020/12/01;Tmin_min2020/12/01;Tmin_max2020/12/01;Tmin_mean2020/12/01;Tmin_sd2021/01/01;Tmin_min2021/01/01;Tmin_max2021/01/01;Tmin_mean2021/01/01;
2919553.0;13.844357;586.90625;655.65625;603.8594;16.757792;579.8125;660.25;598.1852;22.060247;576.40625;680.375;596.98914;19.405317;601.1094;694.2656;619.70074;23.36692;592.1406;699.4531;615.08435;10.579482;612.5;668.8594;625.2636;19.850147;588.27344;680.3281;610.9574;18.951006;590.8906;679.8125;613.06665;18.71844;588.75;679.9844;608.07947;12.177277;586.3125;647.8281;601.5261;12.583667;599.8281;663.3281;615.72473;18.453465;577.35156;667.0469;597.10315;14.1740675;579.59375;648.9375;597.0602;14.085838;577.875;649.6094;592.9576;21.462782;577.5625;679.0781;597.4131;14.783083;599.8281;674.4375;617.73206;16.686014;624.7656;708.2656;643.40283;15.138455;602.7969;679.0625;619.7497;0.0;0.0;0.0;0.0;0.0;0.0;0.0;0.0;0.0;0.0;0.0;0.0;
5217609.0;27.568897;512.0078;629.7969;562.80585;28.409203;518.71875;636.5625;569.2415;30.86884;491.59375;632.7656;556.1759;29.184284;520.7344;647.9531;578.8019;27.93309;546.1094;666.78125;596.93317;26.366474;560.9375;671.2969;606.13086;26.409534;522.14844;632.5625;568.19446;28.765419;519.40625;644.6719;573.66766;29.11436;522.41406;648.6094;578.80634;30.92181;524.77344;641.0469;580.825;28.64801;555.15625;669.3281;606.2386;34.311787;516.53125;650.125;583.1515;29.022978;525.15625;639.09375;577.0594;32.508884;513.625;643.7969;577.8268;31.926533;516.1094;647.5781;580.3295;32.862698;519.27344;652.375;586.6042;30.868938;555.3906;678.40625;613.64545;32.932297;554.5703;681.7656;617.2421;0.0;0.0;0.0;0.0;0.0;0.0;0.0;0.0;0.0;0.0;0.0;0.0;
5201108.0;13.785849;548.7969;595.28125;560.5094;14.200126;553.7578;601.9844;565.9957;17.948416;546.21094;607.1406;562.0773;15.081408;557.0078;608.5;570.8341;15.999518;577.75;631.2344;590.6535;12.430309;590.34375;632.09375;600.9301;13.493317;553.1094;599.0;564.9678;15.340161;559.40625;609.78125;571.0424;16.664803;552.71875;609.5;568.0443;13.073749;548.5547;592.4375;559.85675;13.132681;556.9531;601.5625;568.47577;15.176919;547.5781;598.7031;560.2209;13.395672;551.8906;596.2344;562.5213;15.252241;549.4531;601.96875;563.4253;16.777864;543.2031;600.5625;558.22894;14.458702;558.03125;606.5156;570.7407;14.77592;574.875;624.2656;588.1808;13.142506;584.875;629.3906;596.7054;0.0;0.0;0.0;0.0;0.0;0.0;0.0;0.0;0.0;0.0;0.0;0.0;
5208707.0;11.340423;577.96875;620.1406;608.4675;10.645977;584.96875;626.1406;614.4916;12.930829;589.6406;636.9219;624.8705;10.59091;591.8594;632.2031;620.85583;11.232492;614.0156;657.0469;645.40875;10.149826;615.46875;654.84375;642.8494;10.046992;582.59375;621.3125;610.1988;11.997458;591.9531;636.8906;624.95233;11.73296;592.1719;636.25;624.3932;10.341463;575.125;614.8125;603.28735;9.986378;584.9219;624.0;612.42096;12.184234;581.2344;625.9219;613.59625;10.637052;579.28125;620.0781;608.9599;11.303912;585.4531;627.9219;616.19836;11.998626;583.78125;628.09375;616.3989;11.436161;589.8281;632.40625;620.77924;12.410514;606.7969;652.0469;638.9564;10.248702;612.6875;652.0625;640.17035;0.0;0.0;0.0;0.0;0.0;0.0;0.0;0.0;0.0;0.0;0.0;0.0;
5211909.0;17.523767;545.7656;624.71875;583.15594;18.496414;570.9375;656.34375;613.0865;20.711277;557.0781;647.1094;593.44354;17.953697;558.375;636.46875;595.33185;18.633041;577.9531;657.28125;615.11786;19.27987;601.5156;688.8906;646.4432;19.68333;537.4297;621.5781;575.40704;18.625168;567.21875;647.8125;601.9297;19.09858;564.3594;648.03125;603.5712;18.952375;538.6172;617.7656;574.34424;20.246653;574.03125;663.15625;616.86487;19.933249;566.9453;651.1094;604.6673;18.338285;566.71875;647.7031;610.61914;20.5383;562.6094;651.21875;604.0894;20.696209;557.40625;646.0469;593.6873;19.203875;561.5781;643.9531;601.4127;19.699366;581.8906;664.2656;619.8832;20.368153;600.75;687.0625;642.1934;0.0;0.0;0.0;0.0;0.0;0.0;0.0;0.0;0.0;0.0;0.0;0.0;
5218805.0;20.82376;545.3281;632.40625;582.09564;20.088398;569.5781;654.0781;608.22754;24.972721;556.375;657.6406;603.4179;21.47394;556.9219;646.03125;594.44073;22.324554;574.8281;667.625;616.8437;19.706734;599.8906;683.8125;638.5888;23.180536;539.0547;635.8594;586.21387;22.240034;565.40625;656.53125;606.45105;22.281544;563.40625;656.53125;605.89215;23.374907;538.4375;633.03125;584.59534;22.638449;572.6875;668.1094;620.73065;23.81588;566.78906;664.9844;615.13416;18.893356;565.2344;646.90625;604.2282;23.914427;562.9219;660.4375;609.0788;24.209011;558.28125;655.3594;604.71234;22.665134;562.6094;657.2969;608.9788;23.686401;581.1094;676.78125;629.02106;24.13644;600.3125;698.6719;651.2895;0.0;0.0;0.0;0.0;0.0;0.0;0.0;0.0;0.0;0.0;0.0;0.0;
5219738.0;10.037119;589.4844;614.125;603.3649;9.998005;595.90625;620.15625;610.10156;11.822731;600.4531;630.15625;617.472;9.758707;602.8594;626.5;616.6797;10.698275;624.7344;650.9219;640.1497;9.262688;626.65625;648.71875;639.4119;9.342283;593.3906;615.9219;606.5068;10.69881;604.28125;630.5781;619.23804;10.961156;602.90625;629.96875;618.6867;9.212249;586.8594;608.90625;599.49713;9.309132;596.0625;618.2656;609.02545;10.695505;592.90625;619.25;607.8903;9.584788;591.1719;614.4844;604.4805;10.695719;595.5;621.7969;610.73804;11.178249;593.9844;621.8125;610.0187;10.099511;601.59375;626.21875;615.46124;10.48523;619.15625;644.59375;633.35046;9.387681;623.6875;646.09375;636.63025;0.0;0.0;0.0;0.0;0.0;0.0;0.0;0.0;0.0;0.0;0.0;0.0;
5220264.0;11.458628;558.4219;599.46875;577.0738;12.207535;564.875;609.28125;584.81384;11.485386;560.96875;600.78125;579.38794;13.597255;571.03125;618.3281;592.47455;12.807817;585.84375;630.9375;606.8218;12.849555;600.28125;647.4375;621.2107;10.895796;564.125;603.03125;581.5124;13.064616;561.8125;607.34375;582.56415;12.24817;565.96875;608.21875;585.13837;11.037536;555.1094;595.625;573.15625;12.58685;569.3125;615.7031;589.7949;12.39701;556.625;601.0156;576.57556;11.120586;555.125;595.1406;573.54395;11.963408;567.03125;610.4531;586.91223;11.360845;564.84375;604.9219;583.4383;12.431674;568.8906;612.25;589.173;12.394587;583.5625;627.75;604.04834;12.640653;597.125;643.8594;617.6309;0.0;0.0;0.0;0.0;0.0;0.0;0.0;0.0;0.0;0.0;0.0;0.0;
5220454.0;16.002726;578.4531;619.8594;607.23285;15.96567;584.96875;626.3906;614.5568;17.556793;589.6406;635.0781;620.7825;15.529902;591.8594;632.375;620.8158;16.284405;614.0156;656.375;644.4348;15.438773;615.59375;655.5781;644.34106;15.106412;582.59375;621.6406;610.94;16.80975;591.9531;635.5625;622.4789;16.703854;592.1719;635.7031;622.78265;15.191856;575.125;614.4844;603.4382;15.431067;584.9219;625.0;613.8159;16.869595;581.2969;624.8906;611.62976;15.648372;579.28125;619.8125;608.1493;16.483469;585.4531;628.2969;615.33984;17.03487;583.78125;627.9531;614.0535;16.29317;589.8281;631.7656;618.7716;16.94426;606.7969;650.1875;636.6719;15.528244;612.7656;653.0156;641.61084;0.0;0.0;0.0;0.0;0.0;0.0;0.0;0.0;0.0;0.0;0.0;0.0;
5220603.0;13.371233;545.875;604.84375;570.9696;12.840658;552.7656;610.0781;577.2806;14.961136;548.9531;614.78125;574.5206;14.383296;557.14844;619.25;582.6149;13.819908;572.3281;636.6875;596.50446;13.14127;587.4375;644.0156;613.9775;12.531563;550.6719;607.4375;576.5602;14.546769;548.8906;614.1094;573.63257;14.472363;552.65625;618.84375;578.2293;12.515365;545.9922;601.9219;569.8283;13.038619;559.7656;613.2656;584.49255;14.364366;546.2422;607.90625;570.9067;12.220188;546.1094;601.96875;568.0462;13.558745;554.2578;612.2656;579.7152;14.388909;549.7031;614.71875;577.1873;13.657775;554.0156;615.21875;580.1014;13.718159;571.625;634.0781;596.6409;13.203234;585.03125;641.2969;612.26447;0.0;0.0;0.0;0.0;0.0;0.0;0.0;0.0;0.0;0.0;0.0;0.0;
3170206.0;18.165674;555.4844;643.6406;601.6769;18.229551;576.8594;667.6094;626.3714;22.738491;593.2969;705.84375;659.64825;19.71906;569.0781;668.15625;621.8397;18.729292;593.1094;689.9219;645.4028;16.506306;612.5625;695.6406;654.1985;18.637125;539.66406;632.3906;588.38135;17.708961;581.7656;669.3125;628.28033;17.483152;589.6875;676.7656;633.9505;18.895279;542.1172;637.03125;591.5875;19.049704;579.59375;674.2344;630.731;19.390478;575.5;672.59375;628.40857;17.72449;552.7422;644.3281;601.17004;20.121656;572.8594;676.125;629.50165;22.249096;580.34375;693.7344;646.1564;18.915474;567.8125;665.25;619.5828;18.607882;583.28125;678.7031;632.25757;19.376883;597.2344;695.8281;648.8436;0.0;0.0;0.0;0.0;0.0;0.0;0.0;0.0;0.0;0.0;0.0;0.0;
5000609.0;15.984095;561.7578;622.8906;590.7091;18.378843;617.1406;686.3906;649.36774;16.976183;629.8906;694.21875;659.78876;16.132496;575.6875;636.65625;604.19257;9.981435;644.7344;685.21875;663.38983;10.422604;660.90625;702.9844;679.8777;19.65764;514.96875;587.9531;549.51465;15.809023;602.2969;662.34375;631.5613;18.165365;611.21094;678.28125;644.1118;18.636137;509.89062;578.40625;544.7272;15.809148;625.97656;685.3281;655.5106;16.121458;623.5078;684.03125;652.70917;14.488445;575.0781;631.2031;601.0303;18.682758;595.59375;670.9922;630.3158;14.97957;659.7656;720.09375;688.8806;16.366102;601.7031;666.9844;632.3758;16.72319;587.625;653.0547;618.01935;16.22125;634.6406;698.5469;666.1456;0.0;0.0;0.0;0.0;0.0;0.0;0.0;0.0;0.0;0.0;0.0;0.0;
5002209.0;27.01934;549.8281;645.5156;603.1487;28.242424;619.6719;720.0;675.1015;27.166832;625.25;721.1094;679.9201;27.717985;592.22656;689.1406;646.40454;28.225573;624.7656;724.4375;679.62744;29.796299;623.3906;728.9219;680.08813;31.22752;524.34375;633.9844;581.18964;28.895424;603.4297;704.34375;659.54126;27.82323;611.71875;708.9844;666.6974;30.20052;540.9844;648.2969;597.39465;27.789452;626.1094;723.625;681.33325;26.989052;628.5625;724.5625;683.14984;27.881908;573.8594;675.8125;628.469;28.444296;597.3047;700.78125;653.3506;27.029202;637.53125;732.2656;691.46204;27.64039;601.59375;698.125;656.17914;30.681969;610.15625;722.53125;665.98926;30.314621;638.875;746.96875;694.34143;0.0;0.0;0.0;0.0;0.0;0.0;0.0;0.0;0.0;0.0;0.0;0.0;
5006606.0;21.803442;541.27344;629.40625;578.174;20.045223;602.625;686.5625;634.45575;19.44016;610.2344;690.875;641.5018;22.393133;561.9297;655.89844;597.72003;18.540234;612.1406;690.15625;642.69684;22.389355;617.1094;705.6719;655.33057;21.618425;511.5625;597.96094;547.7835;19.3311;588.2969;670.9219;619.8615;19.515715;600.71875;682.7656;631.6947;19.829523;531.65625;616.6875;569.537;19.279758;630.96875;710.21875;668.95337;15.992267;623.3281;692.4844;655.1583;18.517408;560.9531;637.4844;589.9117;21.308664;586.91406;673.8906;623.86346;20.030687;631.2031;714.1875;665.71985;21.383663;586.6797;673.09375;622.61066;22.071741;591.33594;686.0469;625.1354;20.950382;633.0469;726.59375;665.66736;0.0;0.0;0.0;0.0;0.0;0.0;0.0;0.0;0.0;0.0;0.0;0.0;
5002704.0;16.410488;561.25;636.1406;590.2315;17.559956;621.4219;702.5625;655.9028;17.70184;618.1094;700.8906;651.55115;16.910946;601.4531;680.5469;631.49365;16.825245;625.2031;703.0156;658.07764;17.160355;641.15625;720.8906;675.60297;27.254381;557.91406;669.7578;598.2917;16.135805;611.5469;688.8281;642.2501;16.392492;614.5156;691.6406;646.0568;17.790037;553.2031;637.0;585.4238;16.065382;621.84375;698.8906;653.8859;14.868205;624.5469;697.25;654.1925;18.802807;598.4531;684.90625;636.7054;21.885057;614.9219;709.5469;659.8714;19.277237;636.9844;720.5469;680.38715;19.45045;615.875;699.0156;655.81696;19.859179;611.2969;696.1719;652.1305;18.620377;645.40625;725.9531;683.71686;0.0;0.0;0.0;0.0;0.0;0.0;0.0;0.0;0.0;0.0;0.0;0.0;
5002951.0;19.616089;564.35156;634.5;597.08813;20.707285;602.8281;676.84375;636.6525;24.209953;596.6094;685.0625;633.5117;19.273054;584.8594;653.8906;617.8657;21.073092;606.0;681.75;639.1675;21.343336;632.0469;708.59375;665.8866;21.294737;550.39844;627.5781;584.0089;21.570013;599.4375;678.5781;635.8011;23.703945;586.90625;671.9531;621.1405;20.925718;562.6094;638.7344;597.90955;23.664907;600.40625;685.9219;635.12573;22.251871;598.9219;680.9531;634.4899;19.508345;587.75;657.4219;618.79895;22.474333;597.0156;680.0781;634.9471;23.883148;597.5;687.4531;638.3306;21.804668;583.75;663.90625;617.16016;21.367306;609.6406;688.375;644.8568;21.894161;624.7031;705.9219;661.2406;0.0;0.0;0.0;0.0;0.0;0.0;0.0;0.0;0.0;0.0;0.0;0.0;
5005400.0;18.062523;549.59375;621.91406;573.4239;18.077425;615.6719;692.8594;643.8647;17.608532;620.15625;693.8594;642.1265;18.65383;583.53125;664.0625;611.70526;17.357431;621.5;695.5781;646.6847;18.851242;626.4219;703.4531;657.19257;18.636517;525.34375;604.8906;558.46326;17.354412;602.1094;676.6094;628.6852;17.823887;607.46094;682.6875;632.21564;17.221027;541.2969;615.60156;566.52496;16.267466;627.9844;698.4844;655.7135;15.594645;626.2656;694.8906;652.356;17.292265;574.8906;646.75;601.92035;18.743313;596.15625;673.625;625.79474;18.10589;635.6094;707.09375;656.26605;17.757038;604.8125;681.28125;639.23645;18.951828;608.4531;692.2344;639.6528;17.412392;650.875;730.0469;679.1791;0.0;0.0;0.0;0.0;0.0;0.0;0.0;0.0;0.0;0.0;0.0;0.0;
5005707.0;16.266516;602.65625;659.59375;626.1575;15.942316;666.0625;720.625;688.9233;16.399887;670.71875;727.6094;694.54614;10.992029;609.5625;649.39844;627.3125;9.732658;662.4375;696.6719;677.8814;9.459338;674.9531;709.3594;690.79266;18.063362;563.64844;626.3281;591.3782;11.228375;639.9531;679.625;657.5269;12.000273;655.8594;697.7344;674.59784;12.010297;556.78906;600.2031;576.2399;11.805402;663.1094;704.7969;682.5938;10.648143;660.7344;698.0;677.9436;10.521194;604.375;643.0625;622.1909;13.407413;641.1875;691.4531;663.2311;13.30887;690.90625;737.1094;712.3396;12.573559;635.78125;682.71875;656.76624;11.913779;625.3672;671.53125;645.55145;10.478682;675.09375;713.65625;693.0911;0.0;0.0;0.0;0.0;0.0;0.0;0.0;0.0;0.0;0.0;0.0;0.0;
5007695.0;22.675198;580.8906;652.25;616.68195;26.784184;607.2031;691.2344;649.91345;24.103695;615.1875;691.28125;653.63306;23.928118;599.1406;673.2969;636.5719;25.450016;619.75;697.59375;658.4488;25.78149;633.6719;712.5156;672.5312;25.098324;558.5781;635.5625;596.2613;25.982725;605.03125;685.3281;644.4335;27.377247;601.78125;687.875;643.0284;24.664284;567.0469;643.3906;604.94666;25.613148;615.75;694.1094;654.3016;25.278963;610.0781;687.7969;648.54443;28.951305;597.0;695.84375;641.0127;29.063347;600.85156;693.375;643.0419;26.077724;615.21875;696.8906;654.5548;25.957886;597.84375;679.15625;636.3886;27.2992;610.5781;696.96875;651.3874;28.292164;626.9219;717.2344;670.5953;0.0;0.0;0.0;0.0;0.0;0.0;0.0;0.0;0.0;0.0;0.0;0.0;
5102637.0;14.087466;606.3281;673.2344;635.62585;14.088663;619.15625;685.4375;646.9997;13.3520155;600.40625;661.9531;624.72406;14.442657;610.53125;680.6406;639.176;14.749416;630.6406;702.7344;660.1248;13.855409;644.15625;711.7031;673.0989;15.847076;589.14844;664.9531;619.9514;13.763067;620.3281;684.96875;646.6872;12.731468;616.3594;675.9375;639.08417;14.101805;609.78125;675.59375;637.3236;13.678135;631.5;694.625;656.0296;13.483127;614.9531;675.6719;638.0842;12.806983;619.1406;680.2344;643.3131;13.565322;620.3125;684.4531;647.33685;13.436958;616.0469;680.3594;641.45074;12.870013;609.1094;670.84375;634.34064;13.2749;623.0469;686.0156;648.33636;12.868363;639.0625;701.2344;665.852;0.0;0.0;0.0;0.0;0.0;0.0;0.0;0.0;0.0;0.0;0.0;0.0;
5102678.0;16.392553;568.7656;649.2344;602.60065;18.000292;579.0;669.2656;619.024;19.489422;569.375;659.9844;605.821;23.857119;551.6172;664.90625;614.4345;19.531132;588.28906;684.1406;634.0132;19.97478;590.53125;690.53125;641.1661;18.075623;556.40625;645.25;597.18933;18.29437;583.4844;674.3281;622.7691;16.5798;593.21875;676.2344;623.5304;23.385136;601.96875;706.34375;632.20197;25.922768;616.7656;737.1719;649.03394;21.437408;602.1094;702.9219;630.5742;14.112619;598.4375;670.4844;622.9392;15.690339;599.09375;676.1094;626.8305;14.825006;594.7969;668.59375;620.8324;13.771614;590.78125;660.1719;613.47284;15.495731;609.5781;685.1875;635.43866;15.0829;621.8906;695.2031;647.1068;0.0;0.0;0.0;0.0;0.0;0.0;0.0;0.0;0.0;0.0;0.0;0.0;
5103502.0;14.285927;604.75;670.1875;629.40894;15.157266;615.78125;683.0;641.1986;14.595313;595.0156;660.6094;620.12024;14.410578;607.125;673.1875;632.325;16.444098;630.5;702.9219;658.1046;15.060731;645.28125;711.3281;670.36316;18.97881;599.8594;682.2031;637.348;19.397915;626.3594;710.96875;661.4762;18.447144;622.7031;703.3594;656.07294;20.272352;616.9531;706.4375;654.44635;19.83591;637.7969;723.96875;674.0024;18.959621;620.84375;702.59375;655.67346;19.932367;625.4531;711.8125;662.01526;19.491632;627.1094;711.8906;663.48883;19.821129;623.1719;709.1406;659.36633;17.956217;615.9844;699.9219;647.2367;20.209742;630.78125;723.0469;666.4396;19.35738;648.1406;735.65625;682.03;0.0;0.0;0.0;0.0;0.0;0.0;0.0;0.0;0.0;0.0;0.0;0.0;
5105259.0;7.437147;647.8125;678.9219;661.70404;7.5523515;658.84375;689.9219;670.93964;8.296337;636.65625;670.0469;650.74493;9.09157;648.34375;685.3594;664.3374;8.347034;674.8125;708.84375;688.5432;7.7471027;685.9219;717.96875;699.1799;6.7725286;647.3594;675.3125;657.56134;7.1133523;657.9219;686.6406;668.1933;7.643317;652.1094;681.7344;662.9253;7.6397314;649.2969;679.15625;660.2391;6.7416162;668.21875;695.21875;677.2643;7.3411384;651.375;680.2031;661.6654;5.9992137;657.5156;682.7344;666.5804;6.6727834;661.2344;688.4531;671.06085;6.944365;653.84375;681.3125;663.78644;7.497173;641.9844;672.53125;653.8417;7.247725;660.53125;689.96875;671.6382;6.956836;676.0;703.8281;686.00055;0.0;0.0;0.0;0.0;0.0;0.0;0.0;0.0;0.0;0.0;0.0;0.0;
5106224.0;14.597931;618.4844;679.2969;648.5663;15.268313;629.375;690.8594;660.60724;14.81968;605.3125;668.1719;637.6324;14.598011;622.4219;683.3281;649.906;15.544689;647.0156;713.28125;676.91034;14.895531;658.9219;719.96875;689.1664;11.906252;623.0;677.8906;652.73035;12.3923025;638.40625;695.7344;668.0751;12.911575;631.90625;690.59375;662.77954;13.266783;632.9531;691.34375;661.346;13.088481;649.0156;708.78125;679.6725;13.2253;632.2969;689.5625;661.83624;11.165;642.375;694.5781;667.8398;12.01025;643.6406;698.59375;671.0646;12.188995;636.6094;692.5156;664.9505;11.765717;625.25;680.6406;650.69916;11.804166;644.71875;700.4219;670.4286;12.227677;656.8281;715.6875;684.80597;0.0;0.0;0.0;0.0;0.0;0.0;0.0;0.0;0.0;0.0;0.0;0.0;
5106257.0;16.55277;609.53125;687.15625;661.4891;16.974688;620.7031;701.5156;676.93274;17.270937;600.71875;681.96875;655.99756;16.985403;615.5156;694.1719;667.26587;16.753897;644.75;719.5625;695.613;16.208904;650.84375;728.3594;707.96027;16.316109;613.1719;692.65625;669.9309;16.880875;621.90625;699.8906;676.78265;16.774483;616.3125;693.5781;669.0887;16.220139;612.7969;689.5625;666.8433;16.70799;629.5156;708.4844;686.2045;16.6078;611.2344;689.15625;665.4993;16.938541;608.40625;693.7969;671.7702;17.292469;612.9531;697.6406;673.47766;17.216852;605.84375;689.2344;665.5273;16.468573;607.6406;689.0;667.8639;17.006607;618.3125;707.1406;686.73083;16.78978;635.0625;719.7344;698.4176;0.0;0.0;0.0;0.0;0.0;0.0;0.0;0.0;0.0;0.0;0.0;0.0;
5106372.0;25.041319;599.7344;687.1094;647.50134;25.54316;619.90625;706.625;668.40686;24.398083;601.4844;687.6094;650.2546;25.079668;614.2969;700.9375;663.15826;25.036606;634.09375;721.40625;682.93;25.391327;646.59375;734.0156;695.74133;27.250183;592.3594;682.4531;642.89594;27.436762;621.8594;714.3906;673.5682;25.159151;620.2656;706.46875;669.6099;25.01561;605.0469;692.6406;655.0421;24.917936;627.4375;711.8594;675.7785;24.636675;622.6875;708.6719;671.7194;25.505262;619.15625;705.7969;668.6306;28.327906;619.7656;714.4219;671.3915;25.570211;614.46875;703.4375;664.18463;25.174765;608.59375;694.3281;656.15265;27.10505;632.6094;721.2031;683.37964;27.457777;655.2656;744.28125;706.44916;0.0;0.0;0.0;0.0;0.0;0.0;0.0;0.0;0.0;0.0;0.0;0.0;
5107040.0;15.988964;582.7969;652.0156;616.58954;14.743654;598.2656;662.46875;628.32764;14.867458;572.6094;637.2656;602.39996;15.36289;595.2344;661.6875;626.94073;16.42442;611.7969;684.40625;643.84973;15.099085;629.6719;695.71875;660.227;16.765024;584.09375;661.96875;614.47815;18.664564;603.0625;690.5469;635.67444;17.695375;599.4219;679.625;630.70807;13.022569;602.4219;659.8125;627.01996;15.705582;615.9531;684.9375;645.03766;15.255298;603.7656;670.375;632.75116;14.234826;603.8594;668.25;631.6445;15.755709;602.8594;672.0625;632.56903;14.393438;597.8125;663.3906;627.2693;13.751113;591.125;653.4375;620.53424;15.006507;609.84375;676.0781;639.9844;15.202582;625.6719;692.5781;657.51636;0.0;0.0;0.0;0.0;0.0;0.0;0.0;0.0;0.0;0.0;0.0;0.0;
5107065.0;6.382172;651.21875;684.4531;669.63135;5.837999;666.7344;697.8125;684.1518;7.87914;637.6094;678.5156;659.77405;7.9385695;652.6406;694.03125;676.694;8.085484;669.34375;708.7656;692.7421;6.152401;686.4844;718.4531;705.30273;7.5440364;652.28125;689.4844;673.9236;7.657458;652.71875;692.9844;677.3365;6.937627;651.8125;687.0156;673.3162;6.6359844;652.4844;686.28125;672.0292;7.3105836;660.5156;695.3281;680.39355;7.920588;645.0;684.46875;667.8395;6.2446938;655.6719;688.7031;673.1755;7.686304;653.2031;690.8906;672.1647;8.009977;644.0156;683.2031;663.98755;7.294543;648.90625;686.6875;669.20874;9.622167;661.6719;708.46875;688.8595;8.7696905;668.96875;712.25;693.39966;0.0;0.0;0.0;0.0;0.0;0.0;0.0;0.0;0.0;0.0;0.0;0.0;
5107875.0;20.767372;603.65625;677.2969;643.7222;21.407341;622.2656;696.28125;661.9675;21.756416;603.375;675.96875;641.4346;23.697266;604.90625;688.03125;647.9345;21.46817;627.7031;705.8281;667.76447;21.089832;638.84375;717.7969;678.3538;23.735992;587.0469;670.4844;630.7607;20.79649;619.1719;693.4219;657.142;20.57756;612.1094;686.1094;648.3573;22.228546;608.875;685.7031;648.02057;22.47052;630.15625;707.5;668.3542;22.725159;614.9375;691.9219;652.7627;19.021873;619.3594;685.5625;653.6456;20.123537;616.8594;689.0469;654.5907;20.565966;615.6719;686.6719;652.6522;19.763008;609.8594;678.3125;644.8055;21.847794;622.03125;699.4375;661.41895;20.130678;633.0781;707.8125;672.5219;0.0;0.0;0.0;0.0;0.0;0.0;0.0;0.0;0.0;0.0;0.0;0.0;
5107925.0;9.970739;641.75;682.59375;665.85864;9.388958;650.6719;690.6094;673.66455;12.388922;623.25;676.0469;656.5745;11.914462;642.8594;691.84375;671.109;10.309601;664.4219;708.21875;690.9105;8.793658;677.3906;715.4375;700.37915;8.874443;636.4531;675.3281;660.2582;9.104833;641.46875;681.78125;666.8519;9.867618;633.625;677.40625;660.66846;9.069526;633.1406;674.2031;657.33075;8.396003;654.2344;691.28125;675.3321;9.903104;632.09375;677.8906;660.20715;7.740967;648.2344;683.125;667.34784;9.4886875;647.25;689.1406;671.31396;10.409999;636.7344;683.1094;663.28064;10.512798;631.9844;677.2656;658.6158;10.19818;649.8125;694.2031;675.067;10.332199;661.1406;706.1875;688.0303;0.0;0.0;0.0;0.0;0.0;0.0;0.0;0.0;0.0;0.0;0.0;0.0;
4103453.0;22.193266;513.4375;578.8125;541.00916;21.065262;572.35156;632.8125;601.1472;14.587088;596.78125;639.2344;615.2612;18.244707;534.6875;588.4219;558.8046;18.011393;582.625;636.09375;606.2561;15.8553915;604.25;650.8906;624.36115;20.092728;466.23438;524.9844;493.47745;17.183651;553.0625;603.59375;575.352;16.016792;579.2344;626.7969;599.7968;21.433372;471.03125;535.2578;498.48703;19.72914;583.89844;642.9531;609.12683;17.960205;578.6719;631.8125;601.6126;14.855956;513.9531;557.9219;533.1478;18.827604;554.1328;610.1797;577.74713;16.194157;619.7344;667.4219;640.6597;16.929306;558.9844;609.25;581.3045;19.935726;536.5547;598.2656;559.03546;17.806074;589.03125;641.8906;611.76965;0.0;0.0;0.0;0.0;0.0;0.0;0.0;0.0;0.0;0.0;0.0;0.0;
4104808.0;16.72833;488.95312;553.21875;512.42126;18.599966;546.0703;618.59375;572.4089;20.518053;564.46875;640.4844;591.91693;17.099586;507.92188;573.8828;532.8052;17.131369;557.41406;623.1875;582.13025;18.982351;577.46875;649.9219;604.97284;16.448069;441.6328;506.03906;466.70853;16.59777;527.6172;592.85156;552.75806;17.60251;552.1953;621.5781;578.86304;16.775295;439.6172;506.52344;466.9904;16.270472;554.1094;618.6719;581.12384;17.248138;551.08594;618.6719;577.4242;18.766378;487.52344;561.58594;515.4597;17.652487;523.1797;593.71094;552.24054;18.485554;589.0156;660.8594;618.18097;19.776016;521.5781;600.625;553.83093;18.339888;506.46875;579.0703;534.2199;18.161823;560.46875;630.75;588.07495;0.0;0.0;0.0;0.0;0.0;0.0;0.0;0.0;0.0;0.0;0.0;0.0;
2910503.0;15.570095;625.2656;680.625;648.0578;13.390029;661.1094;708.78125;680.22015;15.798263;644.1719;699.125;668.37427;15.793355;642.8594;698.6406;664.66925;13.4132185;665.8281;711.59375;683.94666;11.733678;704.84375;745.2969;720.6532;19.832987;636.3125;706.2344;665.11633;16.013458;657.9375;714.21875;681.6882;17.239016;642.96875;703.1875;667.24634;25.130978;618.1875;707.1406;653.1515;20.545092;664.8281;737.3906;693.93304;25.653704;653.75;743.59375;690.18176;31.821255;605.9844;717.25;653.1751;28.146196;635.3125;732.6875;676.9593;32.329617;627.875;740.28125;677.2515;35.082844;589.7656;712.84375;643.575;33.774754;618.0781;734.8281;670.56323;28.733564;644.4844;743.1406;690.4417;0.0;0.0;0.0;0.0;0.0;0.0;0.0;0.0;0.0;0.0;0.0;0.0;
4107603.0;34.071064;481.73438;592.2656;537.0085;32.488235;541.0469;646.4531;594.5529;28.08229;560.10156;656.1406;610.5362;30.451239;504.73438;606.53125;556.4539;30.35774;551.83594;654.1406;603.5604;31.480028;550.71875;655.4531;603.5136;31.63324;468.71094;570.1953;519.9232;30.989004;530.3672;634.34375;583.6156;30.281408;548.25;650.40625;601.3859;31.11524;453.01562;553.5156;504.61304;33.37811;548.4844;657.125;603.23773;32.45691;536.9453;644.0;591.28534;32.507294;473.39062;578.6406;526.72314;30.909637;553.375;655.03906;606.0044;29.895607;591.1875;691.0156;643.37115;43.927345;531.0;668.875;598.56085;39.185352;536.84375;662.75;599.41766;32.798157;557.4531;666.1094;612.8102;0.0;0.0;0.0;0.0;0.0;0.0;0.0;0.0;0.0;0.0;0.0;0.0;
4109401.0;24.52294;399.91406;507.96094;439.63794;23.895432;469.97266;572.2344;506.31418;23.249577;493.2422;591.0625;529.4788;23.753263;423.58594;525.9844;462.76205;21.89681;500.97656;592.6094;535.94135;23.306684;485.07812;586.28906;519.2525;24.411142;361.45312;475.91406;405.63907;23.61231;454.44922;561.0078;495.27853;20.90365;493.0547;587.3906;525.73364;25.746368;354.72266;475.0703;397.89154;23.214048;471.3203;575.9297;509.48743;21.98724;481.76562;579.6406;517.19366;23.12945;393.76562;498.01562;429.8488;23.33147;448.35938;558.65625;489.45325;20.28269;526.6719;618.0156;557.9995;29.494762;409.8672;528.6719;456.15985;25.92272;440.85156;551.33594;481.61087;23.454952;474.29688;579.21875;512.8905;0.0;0.0;0.0;0.0;0.0;0.0;0.0;0.0;0.0;0.0;0.0;0.0;
4113700.0;22.19172;511.03906;595.5625;569.91907;22.977303;567.53906;655.34375;628.7477;22.164349;597.125;679.5469;653.11865;22.372976;539.16406;622.0156;594.9217;19.46351;588.6172;662.3594;637.0933;20.16347;586.0078;661.125;636.7635;22.655014;494.17188;581.2031;554.87286;23.473148;565.9844;653.09375;625.0394;22.127974;589.5625;669.15625;642.80554;21.479862;481.78906;563.4297;538.041;23.230242;575.53906;663.8281;636.78937;22.04597;571.5469;652.875;626.9795;21.071865;499.75;579.8047;555.66516;23.454283;585.34375;674.16406;647.29254;24.865438;628.0781;719.9531;690.72076;22.496029;530.125;618.4531;592.09705;22.623367;555.3125;640.625;613.43896;26.070213;586.9297;683.15625;652.57776;0.0;0.0;0.0;0.0;0.0;0.0;0.0;0.0;0.0;0.0;0.0;0.0;
4115754.0;12.510002;483.0;512.84375;497.02017;11.704059;541.0547;569.625;554.78925;13.1608515;560.10156;592.5;573.79443;12.461708;504.73438;535.4375;518.6422;12.734206;551.83594;583.2969;564.6368;11.814641;550.71875;579.9844;563.991;12.154519;468.71094;497.41406;482.49545;13.167086;530.3672;562.4219;544.1772;12.918932;548.34375;580.1875;561.96533;11.72554;453.01562;481.52344;466.27335;11.416482;548.4844;576.4297;562.109;12.340888;536.9453;567.1875;550.57446;11.059843;473.92188;500.85938;486.8163;12.468082;554.2656;584.4219;568.17334;13.547088;591.1875;624.1406;605.4148;14.447033;523.53906;557.4219;542.82806;12.722614;535.0625;565.96875;549.2384;11.8075;557.4531;586.8125;571.1798;0.0;0.0;0.0;0.0;0.0;0.0;0.0;0.0;0.0;0.0;0.0;0.0;
4117701.0;14.039317;432.14844;487.57812;462.7671;13.967824;492.10938;547.9844;522.8798;13.842199;526.3125;583.875;554.764;14.614302;452.96875;509.5078;482.84842;12.976814;530.0078;582.7344;559.6309;13.954862;505.21094;561.0;533.4884;16.732533;396.2461;461.9453;428.54788;16.619026;478.83594;544.46875;511.59906;15.650052;523.71875;586.41406;552.9618;19.672121;371.71875;447.40625;411.87073;15.235541;494.08594;554.3125;527.6175;14.858984;512.4297;570.3047;544.9095;13.547229;425.42188;479.97656;452.37637;18.311205;482.40234;553.53906;514.8123;14.150534;549.6719;607.53125;576.7759;16.483198;426.16406;490.14062;460.89468;17.763338;465.2422;533.2344;499.81888;14.903973;505.14844;563.4844;533.19574;0.0;0.0;0.0;0.0;0.0;0.0;0.0;0.0;0.0;0.0;0.0;0.0;
4119905.0;16.732903;433.0703;507.33594;471.2372;17.089125;496.35156;572.0781;534.3627;17.140982;531.6953;608.2031;566.02277;17.013208;460.125;537.4531;499.54196;16.42887;530.89844;604.5156;567.5257;17.685041;508.35938;587.91406;546.49786;19.28532;404.20312;487.73438;446.60852;18.636917;486.79688;565.15625;526.071;16.576544;536.2031;611.8281;571.28174;20.148232;385.10938;469.89062;429.38678;17.418535;500.14062;575.9219;541.3178;16.384384;518.0703;590.21875;555.3644;15.7145;431.5547;504.2422;466.28052;20.038944;487.4336;573.8906;529.12103;17.382656;550.15625;625.7344;586.60315;16.610058;436.04688;511.5703;475.53644;19.377094;474.375;558.1797;517.6824;17.259422;513.83594;589.6328;550.33936;0.0;0.0;0.0;0.0;0.0;0.0;0.0;0.0;0.0;0.0;0.0;0.0;
4306973.0;5.3269424;472.57812;486.92188;476.30035;6.4881516;531.8281;549.64844;537.23645;5.120275;547.0781;560.8828;550.31604;7.6720862;469.5;490.60156;477.6149;5.87348;550.34375;566.0469;554.5404;5.322835;573.75;587.8906;577.51794;6.672965;414.3203;432.2539;420.54813;6.3416023;527.65625;544.84375;532.61847;5.8523083;553.625;569.3672;558.1074;7.8115144;397.46094;418.71094;404.4783;6.4178467;527.6328;544.7969;532.7474;5.9631653;539.46094;555.625;544.2913;6.093112;459.77344;476.20312;464.0799;7.971319;511.4414;532.9297;518.9626;7.69799;591.6797;612.6797;599.1212;5.873396;477.7578;493.375;482.59433;6.6024823;513.1328;531.0;518.4283;6.334973;542.7344;559.4922;548.09467;0.0;0.0;0.0;0.0;0.0;0.0;0.0;0.0;0.0;0.0;0.0;0.0;
4310538.0;18.073538;450.6172;499.84375;468.69864;18.993187;521.4453;573.0469;540.6591;19.449673;561.3828;614.5078;581.87;18.249157;429.7422;479.0703;447.88733;18.929089;529.33594;580.6406;548.34;19.190447;566.8203;618.96094;586.48096;16.483013;380.4453;427.1836;397.43738;17.396711;521.3047;570.1328;539.06226;17.96945;556.125;605.8047;574.2581;16.64766;379.5078;426.32812;396.30844;17.658113;525.1406;574.0;542.6918;17.988497;543.8047;593.875;562.44977;17.26136;462.2578;510.57812;480.199;17.710281;508.34766;557.1953;525.75885;18.27212;604.84375;655.1875;623.50183;16.505411;472.58594;518.7578;489.0089;16.486284;486.1953;532.4844;502.33295;17.772245;556.28906;605.5625;574.07935;0.0;0.0;0.0;0.0;0.0;0.0;0.0;0.0;0.0;0.0;0.0;0.0;
4314100.0;10.407709;473.0625;505.6875;487.3231;11.072074;532.85156;567.3906;547.9173;11.532779;547.4297;583.22656;562.5421;10.038202;458.32812;489.90625;471.9009;10.703291;547.2969;580.8828;561.681;11.0778;571.4219;606.03125;586.3148;9.621599;409.54688;439.1328;424.2708;11.098478;526.0;559.8203;541.4756;11.14867;547.60156;581.6953;563.10284;10.587446;391.14062;423.40625;406.1328;10.453305;520.9453;552.78125;535.6782;10.799702;532.9297;565.77344;547.517;11.009669;456.78125;490.45312;471.47754;11.036629;498.94922;532.46094;513.8863;11.685487;583.5156;619.2969;598.3733;10.8512125;474.96094;507.85938;490.26224;11.100666;515.71875;550.1094;532.0898;11.527396;536.3906;571.5156;552.3935;0.0;0.0;0.0;0.0;0.0;0.0;0.0;0.0;0.0;0.0;0.0;0.0;
4316907.0;21.954779;452.82812;530.84375;514.5577;22.059912;524.0547;601.59375;587.65936;21.951698;565.2031;642.08594;628.8826;20.7529;431.6953;504.1953;492.6622;21.576305;531.6719;607.4453;594.8209;21.82134;569.78906;646.6406;633.2599;21.906872;381.88672;460.1875;442.31683;21.32118;522.96094;596.66406;584.55835;21.514923;557.9219;632.60156;620.2497;20.559175;381.10938;454.29688;439.89355;20.960484;526.6875;600.1953;587.74023;21.439554;546.2344;621.6172;607.9983;20.82649;464.6328;537.4922;524.3222;20.96283;509.83594;583.40625;570.8313;21.041296;607.28125;681.2969;668.7888;19.832764;473.53125;543.5;531.6605;21.077923;487.15625;561.52344;546.7904;21.029814;558.2422;631.7344;619.03094;0.0;0.0;0.0;0.0;0.0;0.0;0.0;0.0;0.0;0.0;0.0;0.0;
3536505.0;8.591351;548.6953;572.0547;558.24255;5.862467;591.03125;606.83594;598.0705;5.2380304;636.75;650.8906;643.33527;6.969355;584.7344;603.7344;592.76154;5.711829;629.2969;644.7031;636.1482;5.6512084;612.875;628.5156;620.2628;6.743687;522.0781;540.4219;529.87994;6.51407;582.66406;600.34375;590.53394;4.7969413;625.3281;638.7031;631.7234;8.282553;512.4531;534.6094;521.1629;6.0092087;597.40625;613.9375;605.04895;5.0793457;606.71875;619.8906;612.9517;7.216086;546.84375;566.0469;555.0259;5.8559847;590.5547;606.125;598.1153;4.9896264;625.0156;638.5156;631.06696;8.18462;552.58594;573.52344;560.93256;7.196646;593.1094;611.84375;600.8654;5.4484234;605.09375;619.60156;611.9474;0.0;0.0;0.0;0.0;0.0;0.0;0.0;0.0;0.0;0.0;0.0;0.0;
1700707.0;3.8582652;666.28125;680.6875;673.185;3.9216633;682.9844;697.7656;689.56616;4.012908;675.53125;690.53125;682.74347;4.9573817;673.65625;691.65625;682.17664;6.4856815;692.1719;715.4219;702.09564;4.7140083;698.9219;715.90625;705.2687;6.3688874;674.75;698.1406;685.2512;4.8652625;685.3594;703.3125;693.4729;6.3284397;676.84375;699.96875;686.1194;4.4262524;673.2969;689.0781;680.02655;5.7846274;680.6406;701.3594;688.845;5.5720224;667.0;686.78125;674.3122;4.7074466;675.1094;692.3281;683.2623;4.808969;676.65625;694.09375;684.6005;5.202529;675.5469;694.125;683.71716;4.2033195;669.7656;684.4375;676.3812;5.266989;694.75;713.59375;703.28296;4.667905;697.3125;713.9375;704.8624;0.0;0.0;0.0;0.0;0.0;0.0;0.0;0.0;0.0;0.0;0.0;0.0;